# {"t_start": 1553163292.6892967, "env_id": "Taxi-v2"} 
r,l,t
-830,200,0.564794
-632,200,0.626106
-596,200,0.687149
-857,200,0.748548
-830,200,0.809773
-812,200,0.87097
-857,200,0.931982
-704,200,0.993154
-567,165,1.043574
-785,200,1.104792
-812,200,1.366226
-785,200,1.426114
-650,200,1.487088
-794,200,1.547872
-794,200,1.608583
-866,200,1.669335
-686,200,1.729759
-767,200,1.79073
-857,200,1.851666
-767,200,1.912361
-884,200,2.134678
-830,200,2.194667
-794,200,2.256124
-911,200,2.317442
-839,200,2.378571
-857,200,2.439719
-695,200,2.5005
-821,200,2.56151
-686,200,2.622063
-785,200,2.68334
-767,200,2.906326
-785,200,2.965989
-704,200,3.026845
-659,200,3.088097
-821,200,3.149168
-785,200,3.208887
-857,200,3.268314
-749,200,3.328498
-346,124,3.366405
-767,200,3.427284
-857,200,3.488221
-677,200,3.710876
-677,200,3.770696
-740,200,3.831752
-767,200,3.892705
-740,200,3.9535
-641,200,4.014396
-740,200,4.074906
-758,200,4.135225
-641,200,4.19564
-767,200,4.256607
-623,200,4.480265
-740,200,4.539522
-623,200,4.598787
-821,200,4.659299
-749,200,4.720658
-722,200,4.782303
-632,200,4.84383
-803,200,4.9051
-641,200,4.966498
-587,200,5.028102
-623,200,5.251026
-614,200,5.312481
-686,200,5.373586
-551,200,5.435036
-569,200,5.496515
-632,200,5.557902
-508,178,5.612324
-740,200,5.67338
-686,200,5.734184
-623,200,5.795145
-668,200,5.856287
-605,200,6.079211
-551,200,6.139438
-578,200,6.200645
-569,200,6.2616
-533,200,6.322678
-506,200,6.383743
-578,200,6.444672
-281,104,6.47639
-533,200,6.537099
-434,200,6.598185
-569,200,6.658975
-416,200,6.882161
-407,200,6.943415
-524,200,7.004973
-470,200,7.066461
-479,200,7.128597
-206,119,7.165009
-506,200,7.226732
-515,200,7.288298
-497,200,7.350156
-380,200,7.412234
-434,200,7.636626
-416,200,7.696522
-497,200,7.757738
-371,200,7.818998
-425,200,7.880104
-479,200,7.941777
-398,200,8.00323
-416,200,8.064763
-407,200,8.122737
-371,200,8.184366
-371,200,8.40889
-281,200,8.469084
-389,200,8.530226
-344,200,8.5919
-398,200,8.652638
-362,200,8.712831
-371,200,8.774489
-389,200,8.835715
-371,200,8.897167
-353,200,8.958573
-362,200,9.020991
-326,200,9.247518
-335,200,9.308405
-290,200,9.370148
-326,200,9.433101
-308,200,9.493459
-344,200,9.55415
-362,200,9.613888
-299,200,9.67505
-299,200,9.736238
-308,200,9.797383
-281,200,10.023495
-281,200,10.083602
-308,200,10.143715
-299,200,10.203381
-254,200,10.262987
-317,200,10.324275
-308,200,10.385823
-272,200,10.446748
-299,200,10.508245
-317,200,10.569778
-272,200,10.794516
-245,200,10.855293
-236,200,10.916711
-317,200,10.977889
-254,200,11.039115
-245,200,11.100434
-281,200,11.161832
-272,200,11.223411
-236,200,11.284804
-236,200,11.346191
-317,200,11.570048
-254,200,11.630278
-236,200,11.691498
-209,200,11.753165
-254,200,11.815401
-236,200,11.878286
-254,200,11.937946
-245,200,11.996798
-236,200,12.055591
-281,200,12.116097
-245,200,12.177136
-263,200,12.40168
-227,200,12.462929
-227,200,12.524503
-254,200,12.585667
-236,200,12.646575
-236,200,12.705772
-227,200,12.76556
-227,200,12.825645
-263,200,12.885618
-245,200,12.946911
-236,200,13.170502
-245,200,13.230625
-227,200,13.29184
-227,200,13.352933
-209,200,13.414104
-227,200,13.475329
-227,200,13.535972
-254,200,13.595346
-227,200,13.655068
-245,200,13.715948
-209,200,13.938775
-209,200,13.998276
-227,200,14.059337
-218,200,14.120259
-200,200,14.180031
-236,200,14.240542
-218,200,14.301842
-218,200,14.362661
-227,200,14.423965
-227,200,14.485282
-218,200,14.708751
-227,200,14.769609
-227,200,14.832112
-218,200,14.893538
-218,200,14.954683
-218,200,15.016255
-200,200,15.077707
-209,200,15.138983
-227,200,15.200214
-209,200,15.261626
-218,200,15.322839
-236,200,15.545309
-236,200,15.606139
-200,200,15.667359
-209,200,15.728328
-200,200,15.789348
-209,200,15.850678
-200,200,15.911901
-227,200,15.973178
-200,200,16.034152
-227,200,16.094842
-227,200,16.318613
-209,200,16.379192
-200,200,16.440146
-200,200,16.501409
-209,200,16.562771
-227,200,16.623665
-218,200,16.684669
-209,200,16.745478
-200,200,16.807037
-209,200,16.86849
-200,200,17.091395
-200,200,17.152047
-209,200,17.213525
-209,200,17.275983
-218,200,17.337985
-209,200,17.399199
-200,200,17.460745
-218,200,17.522124
-200,200,17.583549
-200,200,17.64511
-200,200,17.868856
-209,200,17.929353
-218,200,17.990973
-209,200,18.052602
-209,200,18.11416
-200,200,18.175664
-209,200,18.23724
-200,200,18.299103
-209,200,18.360493
-218,200,18.422119
-200,200,18.483581
-200,200,18.705866
-209,200,18.767093
-200,200,18.828612
-209,200,18.890201
-209,200,18.951928
-209,200,19.013203
-209,200,19.074627
-209,200,19.136139
-218,200,19.197591
-200,200,19.258922
-200,200,19.483481
-200,200,19.544174
-200,200,19.605864
-200,200,19.667047
-200,200,19.728403
-200,200,19.789855
-209,200,19.851229
-200,200,19.912582
-209,200,19.973907
-200,200,20.035151
-200,200,20.258541
-209,200,20.318781
-200,200,20.380228
-200,200,20.441767
-200,200,20.502981
-200,200,20.564192
-200,200,20.62542
-209,200,20.686796
-209,200,20.747908
-200,200,20.809389
-209,200,21.033187
-218,200,21.093246
-200,200,21.154584
-200,200,21.216098
-200,200,21.277684
-209,200,21.338981
-200,200,21.40049
-200,200,21.462008
-200,200,21.522804
-209,200,21.581716
-209,200,21.640772
-209,200,21.863453
-209,200,21.924213
-200,200,21.98514
-200,200,22.045849
-200,200,22.106681
-200,200,22.167865
-200,200,22.228747
-200,200,22.289631
-209,200,22.34834
-200,200,22.40723
-200,200,22.631739
-200,200,22.691833
-200,200,22.752888
-209,200,22.813889
-200,200,22.874651
-200,200,22.935797
-200,200,22.99666
-200,200,23.057566
-200,200,23.118469
-200,200,23.179845
-200,200,23.40202
-200,200,23.461848
-209,200,23.522704
-200,200,23.583865
-200,200,23.644793
-200,200,23.706023
-200,200,23.766886
-200,200,23.828049
-200,200,23.889059
-200,200,23.950084
-200,200,24.174068
-200,200,24.233632
-200,200,24.295382
-200,200,24.356429
-200,200,24.417516
-200,200,24.47851
-200,200,24.539154
-200,200,24.60019
-200,200,24.660709
-200,200,24.721861
-200,200,24.94413
-200,200,25.004288
-200,200,25.065082
-200,200,25.126027
-209,200,25.186763
-209,200,25.247584
-200,200,25.308691
-200,200,25.369331
-200,200,25.430439
-200,200,25.491201
-200,200,25.551913
-200,200,25.774031
-200,200,25.834494
-200,200,25.89562
-200,200,25.956824
-200,200,26.017919
-200,200,26.078971
-200,200,26.14028
-200,200,26.201397
-209,200,26.262767
-209,200,26.323606
-200,200,26.546401
-209,200,26.606634
-200,200,26.667858
-200,200,26.729096
-200,200,26.790185
-200,200,26.851991
-200,200,26.913056
-209,200,26.974016
-200,200,27.034631
-200,200,27.095636
-200,200,27.318866
-200,200,27.379163
-200,200,27.440555
-200,200,27.502178
-200,200,27.56362
-200,200,27.624965
-200,200,27.686125
-200,200,27.747607
-200,200,27.808641
-200,200,27.869858
-200,200,28.09326
-200,200,28.153008
-200,200,28.214084
-200,200,28.275286
-200,200,28.336876
-200,200,28.397967
-200,200,28.458933
-200,200,28.519505
-200,200,28.580493
-200,200,28.641356
-200,200,28.70206
-200,200,28.924432
-200,200,28.984922
-200,200,29.045647
-200,200,29.106674
-200,200,29.168206
-200,200,29.229206
-200,200,29.290484
-200,200,29.351935
-200,200,29.412923
-209,200,29.473736
-200,200,29.6967
-200,200,29.756665
-200,200,29.817474
-200,200,29.878413
-200,200,29.939345
-200,200,30.0
-200,200,30.060792
-200,200,30.12137
-200,200,30.182086
-200,200,30.24331
-200,200,30.467811
-200,200,30.527226
-200,200,30.58676
-200,200,30.646041
-200,200,30.704866
-209,200,30.766199
-209,200,30.827594
-200,200,30.888934
-200,200,30.950181
-200,200,31.011122
-200,200,31.233886
-200,200,31.294055
-200,200,31.355509
-200,200,31.416821
-200,200,31.47805
-200,200,31.539519
-200,200,31.600387
-200,200,31.662031
-200,200,31.723311
-200,200,31.784561
-200,200,31.845764
-200,200,32.068825
-209,200,32.129617
-200,200,32.190992
-200,200,32.252133
-200,200,32.313554
-200,200,32.375075
-200,200,32.43625
-200,200,32.497558
-200,200,32.55906
-200,200,32.620209
-200,200,32.844002
-200,200,32.903109
-200,200,32.963937
-200,200,33.025393
-200,200,33.0868
-200,200,33.148336
-200,200,33.209835
-200,200,33.271412
-200,200,33.332791
-200,200,33.394394
-200,200,33.618277
-200,200,33.678452
-200,200,33.739946
-209,200,33.801503
-200,200,33.862932
-200,200,33.924469
-200,200,33.98586
-200,200,34.047357
-200,200,34.109283
-200,200,34.171028
-200,200,34.394241
-200,200,34.454911
-200,200,34.516656
-200,200,34.578396
-200,200,34.640053
-200,200,34.701778
-200,200,34.763421
-200,200,34.825279
-200,200,34.885236
-200,200,34.94551
-200,200,35.007146
-200,200,35.232046
-200,200,35.29387
-200,200,35.354114
-200,200,35.413093
-200,200,35.473233
-200,200,35.534056
-200,200,35.595293
-200,200,35.656335
-200,200,35.717354
-200,200,35.778581
-200,200,36.00067
-200,200,36.061051
-200,200,36.122344
-200,200,36.183486
-200,200,36.244377
-200,200,36.305491
-200,200,36.366478
-200,200,36.427501
-200,200,36.48842
-200,200,36.549208
-200,200,36.772831
-200,200,36.832843
-200,200,36.894077
-200,200,36.955155
-200,200,37.016288
-200,200,37.077395
-200,200,37.138511
-200,200,37.199483
-200,200,37.260679
-200,200,37.321598
-200,200,37.54517
-200,200,37.604875
-200,200,37.665973
-200,200,37.726792
-200,200,37.78772
-200,200,37.848708
-200,200,37.909639
-200,200,37.970521
-200,200,38.031455
-200,200,38.092273
-200,200,38.15299
-200,200,38.374912
-200,200,38.435647
-200,200,38.496492
-200,200,38.557422
-200,200,38.618318
-200,200,38.679489
-200,200,38.740747
-200,200,38.801792
-200,200,38.862761
-200,200,38.923684
-200,200,39.146119
-200,200,39.206317
-200,200,39.267535
-200,200,39.328522
-200,200,39.389435
-200,200,39.450429
-200,200,39.511351
-200,200,39.572341
-200,200,39.633198
-200,200,39.694155
-200,200,39.917271
-200,200,39.976969
-200,200,40.03765
-200,200,40.098517
-200,200,40.159192
-200,200,40.220158
-200,200,40.28122
-200,200,40.342029
-200,200,40.402666
-200,200,40.463401
-200,200,40.685471
-200,200,40.746047
-200,200,40.806988
-200,200,40.868005
-200,200,40.929038
-200,200,40.990155
-200,200,41.051088
-200,200,41.111993
-200,200,41.173077
-200,200,41.234025
-200,200,41.295046
-200,200,41.517026
-200,200,41.577793
-200,200,41.639144
-200,200,41.700155
-200,200,41.761044
-200,200,41.821988
-200,200,41.882873
-200,200,41.943736
-200,200,42.004291
-200,200,42.065221
-200,200,42.288059
-200,200,42.348315
-200,200,42.409171
-200,200,42.46936
-200,200,42.52927
-200,200,42.58993
-200,200,42.651041
-200,200,42.711521
-200,200,42.772888
-200,200,42.833966
-200,200,43.056684
-200,200,43.11676
-200,200,43.177822
-200,200,43.238853
-209,200,43.299688
-200,200,43.360689
-200,200,43.42169
-200,200,43.482745
-200,200,43.543784
-200,200,43.604857
-200,200,43.828058
-200,200,43.888
-200,200,43.948996
-200,200,44.009979
-200,200,44.070943
-200,200,44.132194
-200,200,44.193237
-200,200,44.254319
-200,200,44.315545
-200,200,44.376697
-200,200,44.600043
-200,200,44.660936
-200,200,44.722142
-200,200,44.783773
-200,200,44.846213
-200,200,44.907744
-200,200,44.967643
-200,200,45.026734
-200,200,45.086027
-200,200,45.14526
-200,200,45.206692
-200,200,45.429318
-200,200,45.490274
-200,200,45.55169
-200,200,45.613017
-200,200,45.674294
-200,200,45.735541
-200,200,45.796818
-200,200,45.85811
-200,200,45.91947
-200,200,45.980906
-200,200,46.204092
-200,200,46.264467
-200,200,46.325728
-200,200,46.387019
-200,200,46.448864
-200,200,46.510371
-200,200,46.571479
-200,200,46.632889
-200,200,46.694076
-200,200,46.755699
-200,200,46.979658
-200,200,47.039675
-200,200,47.101106
-200,200,47.162729
-200,200,47.224218
-200,200,47.28579
-200,200,47.347243
-200,200,47.408732
-200,200,47.470022
-200,200,47.531331
-200,200,47.755296
-200,200,47.815286
-200,200,47.87662
-200,200,47.937955
-200,200,47.999289
-200,200,48.060494
-200,200,48.121493
-200,200,48.182811
-200,200,48.244186
-200,200,48.30555
-200,200,48.36705
-200,200,48.589722
-200,200,48.650139
-200,200,48.7114
-200,200,48.772348
-200,200,48.833489
-200,200,48.894725
-200,200,48.95595
-200,200,49.017123
-200,200,49.078276
-200,200,49.140159
-200,200,49.36372
-200,200,49.423754
-200,200,49.484836
-200,200,49.545962
-209,200,49.606752
-200,200,49.667857
-200,200,49.728698
-200,200,49.789729
-200,200,49.850728
-200,200,49.911715
-200,200,50.134419
-200,200,50.193934
-200,200,50.254909
-200,200,50.315734
-200,200,50.376568
-200,200,50.437601
-200,200,50.498435
-200,200,50.559248
-200,200,50.619899
-200,200,50.680614
-200,200,50.903586
-200,200,50.963166
-200,200,51.024377
-200,200,51.085006
-200,200,51.145774
-200,200,51.206792
-200,200,51.267685
-200,200,51.328466
-200,200,51.389715
-200,200,51.450754
-200,200,51.51211
-200,200,51.734104
-200,200,51.794365
-200,200,51.855369
-200,200,51.916297
-200,200,51.977222
-200,200,52.038101
-200,200,52.09897
-200,200,52.160338
-200,200,52.22137
-200,200,52.282206
-200,200,52.504668
-200,200,52.56512
-200,200,52.626714
-200,200,52.685545
-200,200,52.74431
-200,200,52.805578
-200,200,52.866364
-200,200,52.927401
-200,200,52.988522
-200,200,53.049351
-200,200,53.272157
-200,200,53.331892
-200,200,53.393067
-200,200,53.454187
-200,200,53.515248
-209,200,53.57667
-200,200,53.637886
-200,200,53.6991
-200,200,53.760233
-200,200,53.821307
-200,200,54.04454
-200,200,54.104006
-200,200,54.165126
-200,200,54.226144
-200,200,54.287507
-200,200,54.346982
-200,200,54.406271
-200,200,54.465164
-200,200,54.524155
-200,200,54.583881
-200,200,54.64536
-200,200,54.868944
-200,200,54.929232
-200,200,54.990206
-200,200,55.051003
-200,200,55.112109
-200,200,55.173165
-200,200,55.233951
-200,200,55.294914
-200,200,55.355896
-200,200,55.416893
-200,200,55.639773
-200,200,55.699549
-200,200,55.760617
-200,200,55.821631
-200,200,55.882576
-200,200,55.943703
-200,200,56.004772
-200,200,56.065498
-200,200,56.126293
-200,200,56.187164
-200,200,56.410035
-200,200,56.469406
-200,200,56.529888
-200,200,56.590653
-200,200,56.651139
-209,200,56.711762
-200,200,56.772364
-200,200,56.833109
-200,200,56.893919
-200,200,56.954642
-200,200,57.179271
-200,200,57.239295
-200,200,57.300061
-200,200,57.361354
-200,200,57.422566
-200,200,57.483728
-200,200,57.544973
-200,200,57.606012
-200,200,57.667066
-200,200,57.728272
-200,200,57.789254
-200,200,58.011698
-200,200,58.072475
-200,200,58.131611
-200,200,58.192603
-200,200,58.253614
-200,200,58.314741
-200,200,58.375545
-200,200,58.436435
-200,200,58.497208
-200,200,58.558008
-200,200,58.780516
-200,200,58.841014
-200,200,58.901895
-200,200,58.962912
-200,200,59.024187
-200,200,59.085321
-200,200,59.146714
-200,200,59.207858
-200,200,59.269583
-200,200,59.330774
-200,200,59.553359
-200,200,59.612787
-200,200,59.673724
-200,200,59.734576
-200,200,59.79546
-200,200,59.856323
-200,200,59.917258
-200,200,59.978062
-200,200,60.039406
-200,200,60.100573
-200,200,60.324783
-200,200,60.385184
-200,200,60.446599
-200,200,60.508091
-200,200,60.56911
-200,200,60.63014
-200,200,60.691327
-200,200,60.752179
-200,200,60.8133
-200,200,60.874457
-200,200,60.935464
-200,200,61.157319
-200,200,61.218119
-200,200,61.279661
-200,200,61.339655
-200,200,61.401218
-200,200,61.462395
-200,200,61.523782
-200,200,61.583687
-200,200,61.644251
-200,200,61.70493
-200,200,61.927943
-200,200,61.988711
-200,200,62.049612
-200,200,62.110687
-200,200,62.172282
-200,200,62.233708
-200,200,62.295015
-209,200,62.356249
-200,200,62.417516
-200,200,62.478703
-200,200,62.701506
-200,200,62.761742
-200,200,62.822849
-200,200,62.883751
-200,200,62.9445
-200,200,63.005372
-200,200,63.066297
-200,200,63.127169
-200,200,63.188139
-200,200,63.249207
-200,200,63.472502
-200,200,63.532291
-200,200,63.593345
-200,200,63.654329
-200,200,63.715329
-200,200,63.776399
-200,200,63.837239
-200,200,63.898128
-200,200,63.95892
-200,200,64.019409
-200,200,64.242087
-200,200,64.302812
-209,200,64.363571
-200,200,64.424646
-200,200,64.485897
-200,200,64.54665
-200,200,64.607669
-200,200,64.67033
-200,200,64.730888
-200,200,64.791717
-200,200,64.852336
-200,200,65.079409
-200,200,65.141336
-200,200,65.20462
-200,200,65.266089
-200,200,65.327557
-200,200,65.389254
-200,200,65.450648
-200,200,65.511847
-200,200,65.573702
-200,200,65.635337
-200,200,65.859939
-200,200,65.920624
-200,200,65.982163
-200,200,66.043703
-200,200,66.105213
-200,200,66.166851
-200,200,66.228147
-200,200,66.289389
-200,200,66.350371
-200,200,66.411652
-200,200,66.634671
-200,200,66.694779
-200,200,66.756292
-200,200,66.818151
-200,200,66.879587
-200,200,66.941086
-200,200,67.00231
-200,200,67.063839
-200,200,67.125183
-200,200,67.186637
-200,200,67.410711
-200,200,67.47091
-200,200,67.532154
-200,200,67.593396
-200,200,67.654648
-200,200,67.715796
-200,200,67.776911
-200,200,67.838546
-200,200,67.899762
-200,200,67.961044
-200,200,68.022373
-200,200,68.245055
-200,200,68.306001
-200,200,68.367394
-200,200,68.428987
-200,200,68.489921
-200,200,68.548627
-200,200,68.609515
-200,200,68.670891
-200,200,68.732304
-200,200,68.79384
-200,200,69.016715
-200,200,69.077141
-200,200,69.138343
-200,200,69.199628
-200,200,69.260878
-200,200,69.322378
-200,200,69.380372
-200,200,69.441564
-200,200,69.502784
-200,200,69.563987
-200,200,69.787376
-200,200,69.847558
-200,200,69.909147
-200,200,69.970699
-200,200,70.032186
-200,200,70.093677
-200,200,70.155151
-200,200,70.216654
-200,200,70.278163
-200,200,70.339545
-200,200,70.563348
-200,200,70.624122
-200,200,70.685707
-200,200,70.746576
-200,200,70.80799
-200,200,70.869416
-200,200,70.930979
-200,200,70.992268
-200,200,71.053669
-200,200,71.115025
-209,200,71.17629
-200,200,71.400325
-200,200,71.461141
-200,200,71.522653
-200,200,71.583837
-200,200,71.64523
-200,200,71.706408
-200,200,71.767807
-200,200,71.828986
-200,200,71.890465
-200,200,71.951893
-200,200,72.175685
-200,200,72.236046
-200,200,72.29745
-200,200,72.358908
-200,200,72.420226
-200,200,72.481537
-200,200,72.542823
-200,200,72.603688
-200,200,72.664707
-200,200,72.725657
-200,200,72.949192
-200,200,73.00925
-200,200,73.070322
-200,200,73.131817
-200,200,73.193094
-200,200,73.254561
-200,200,73.315941
-200,200,73.377425
-200,200,73.438781
-200,200,73.500018
-200,200,73.723843
-200,200,73.783917
-200,200,73.845076
-200,200,73.906388
-200,200,73.967611
-200,200,74.028928
-200,200,74.090093
-200,200,74.151442
-200,200,74.212771
-200,200,74.27398
-200,200,74.335314
-200,200,74.558058
-200,200,74.616064
-200,200,74.677267
-200,200,74.738743
-200,200,74.800187
-200,200,74.861453
-200,200,74.922789
-200,200,74.984024
-200,200,75.04534
-200,200,75.10632
-200,200,75.330525
-200,200,75.391247
-200,200,75.452737
-200,200,75.514111
-200,200,75.575519
-200,200,75.636662
-200,200,75.698081
-200,200,75.759594
-200,200,75.820475
-200,200,75.881743
-200,200,76.105244
-200,200,76.165596
-200,200,76.226965
-200,200,76.288942
-200,200,76.350314
-200,200,76.411824
-200,200,76.473205
-200,200,76.534234
-200,200,76.595622
-200,200,76.656549
-200,200,76.879129
-200,200,76.9397
-200,200,77.001129
-209,200,77.062554
-200,200,77.123948
-200,200,77.185441
-200,200,77.246738
-200,200,77.307965
-200,200,77.369617
-200,200,77.430949
-200,200,77.492365
-200,200,77.715072
-200,200,77.77636
-200,200,77.837975
-200,200,77.899598
-200,200,77.961097
-200,200,78.022654
-200,200,78.08418
-200,200,78.145463
-200,200,78.207031
-200,200,78.268468
-200,200,78.491184
-200,200,78.551592
-200,200,78.612931
-200,200,78.674323
-200,200,78.73561
-200,200,78.797062
-200,200,78.858353
-200,200,78.919125
-200,200,78.978927
-200,200,79.039966
-200,200,79.264199
-200,200,79.323682
-200,200,79.383004
-200,200,79.442559
-200,200,79.501516
-200,200,79.560961
-200,200,79.622003
-200,200,79.68296
-200,200,79.744539
-200,200,79.806071
-200,200,80.029663
-200,200,80.089971
-200,200,80.151047
-200,200,80.212273
-200,200,80.273555
-200,200,80.334905
-200,200,80.396238
-200,200,80.457566
-200,200,80.518881
-200,200,80.580207
-200,200,80.641384
-200,200,80.863984
-209,200,80.925274
-200,200,80.986803
-200,200,81.048439
-200,200,81.110085
-200,200,81.171569
-200,200,81.232862
-200,200,81.294343
-200,200,81.353698
-200,200,81.414775
-200,200,81.637472
-200,200,81.697772
-200,200,81.758916
-209,200,81.820076
-200,200,81.881005
-200,200,81.94194
-200,200,82.002465
-200,200,82.063293
-200,200,82.123954
-200,200,82.184978
-200,200,82.408017
-200,200,82.4678
-200,200,82.528796
-200,200,82.589877
-200,200,82.650869
-200,200,82.711657
-200,200,82.772272
-200,200,82.832926
-200,200,82.893637
-200,200,82.954408
-200,200,83.176597
-200,200,83.236575
-200,200,83.297557
-200,200,83.358498
-200,200,83.419343
-200,200,83.480425
-200,200,83.541396
-200,200,83.60276
-200,200,83.663688
-200,200,83.724734
-200,200,83.947016
-209,200,84.007416
-200,200,84.068505
-200,200,84.129852
-200,200,84.190911
-200,200,84.251927
-200,200,84.31289
-200,200,84.373968
-200,200,84.434987
-200,200,84.495995
-200,200,84.556923
-200,200,84.778864
-200,200,84.839122
-200,200,84.900023
-200,200,84.960883
-200,200,85.021646
-200,200,85.082773
-200,200,85.143596
-200,200,85.204482
-200,200,85.264729
-200,200,85.323806
-200,200,85.546191
-200,200,85.606302
-200,200,85.66729
-200,200,85.728195
-200,200,85.789422
-200,200,85.85076
-200,200,85.911627
-200,200,85.972676
-200,200,86.034226
-200,200,86.095419
-200,200,86.318367
-200,200,86.378848
-200,200,86.439938
-200,200,86.501034
-200,200,86.562005
-200,200,86.623062
-200,200,86.684061
-200,200,86.745154
-200,200,86.806343
-200,200,86.867472
-200,200,87.090844
-200,200,87.150994
-200,200,87.21216
-200,200,87.274034
-200,200,87.335263
-200,200,87.396427
-200,200,87.457474
-200,200,87.518586
-200,200,87.579817
-200,200,87.640906
-200,200,87.701876
-200,200,87.924371
-200,200,87.984982
-200,200,88.046133
-200,200,88.107052
-200,200,88.168563
-200,200,88.229716
-200,200,88.291196
-200,200,88.352326
-200,200,88.413203
-200,200,88.474578
-200,200,88.697962
-200,200,88.758028
-200,200,88.819216
-200,200,88.880272
-200,200,88.941466
-200,200,89.002665
-200,200,89.063466
-200,200,89.124516
-200,200,89.185435
-200,200,89.246012
-200,200,89.469111
-200,200,89.529357
-200,200,89.590769
-200,200,89.652322
-200,200,89.713584
-200,200,89.775229
-200,200,89.836922
-200,200,89.897743
-200,200,89.956953
-200,200,90.015736
-200,200,90.236777
-200,200,90.297451
-200,200,90.358597
-200,200,90.419653
-200,200,90.480815
-200,200,90.542015
-200,200,90.603131
-200,200,90.664054
-200,200,90.724846
-200,200,90.786153
-200,200,90.846996
-200,200,91.069607
-200,200,91.130066
-200,200,91.191167
-200,200,91.252499
-200,200,91.313635
-200,200,91.374682
-200,200,91.435515
-200,200,91.496502
-200,200,91.555937
-200,200,91.615423
-200,200,91.838306
-200,200,91.898429
-200,200,91.959469
-200,200,92.020082
-200,200,92.080953
-200,200,92.141749
-200,200,92.202678
-200,200,92.264122
-200,200,92.323416
-200,200,92.382574
-200,200,92.606147
-200,200,92.666617
-200,200,92.727933
-200,200,92.789553
-200,200,92.851211
-200,200,92.912716
-200,200,92.974056
-200,200,93.035343
-200,200,93.096629
-200,200,93.15849
-200,200,93.383035
-200,200,93.443052
-200,200,93.504659
-200,200,93.565911
-200,200,93.627286
-200,200,93.689263
-200,200,93.750494
-200,200,93.811834
-200,200,93.873228
-200,200,93.934544
-200,200,93.996002
-200,200,94.218589
-200,200,94.279552
-200,200,94.340753
-200,200,94.402425
-200,200,94.463827
-200,200,94.524898
-200,200,94.586129
-200,200,94.647038
-200,200,94.708677
-200,200,94.770171
-200,200,94.99213
-200,200,95.052808
-200,200,95.114193
-200,200,95.175772
-200,200,95.237132
-200,200,95.298696
-200,200,95.36014
-200,200,95.421564
-200,200,95.482907
-200,200,95.544327
-200,200,95.766851
-200,200,95.827529
-200,200,95.888995
-200,200,95.950266
-200,200,96.011518
-200,200,96.072802
-200,200,96.13379
-200,200,96.195342
-200,200,96.256731
-200,200,96.318102
-200,200,96.541583
-200,200,96.602074
-200,200,96.66361
-200,200,96.725279
-200,200,96.786858
-200,200,96.848624
-200,200,96.9103
-200,200,96.972045
-200,200,97.03374
-200,200,97.095245
-200,200,97.156904
-200,200,97.379529
-200,200,97.440872
-200,200,97.502144
-200,200,97.563535
-200,200,97.625032
-200,200,97.686211
-200,200,97.747598
-200,200,97.809181
-200,200,97.870603
-200,200,97.932087
-200,200,98.155336
-200,200,98.216278
-200,200,98.277904
-200,200,98.339389
-200,200,98.400574
-200,200,98.462044
-200,200,98.523135
-200,200,98.58449
-200,200,98.645808
-200,200,98.707084
-200,200,98.930696
-200,200,98.990767
-200,200,99.051836
-200,200,99.113013
-200,200,99.174387
-200,200,99.236039
-200,200,99.297318
-200,200,99.358933
-200,200,99.42027
-200,200,99.4815
-200,200,99.705171
-200,200,99.766065
-200,200,99.827366
-200,200,99.888794
-200,200,99.950115
-200,200,100.011456
-200,200,100.073068
-200,200,100.134362
-200,200,100.195915
-200,200,100.257244
-200,200,100.318542
-200,200,100.540973
-200,200,100.601848
-200,200,100.663124
-200,200,100.724252
-200,200,100.785476
-200,200,100.846859
-200,200,100.907982
-200,200,100.969216
-200,200,101.030393
-200,200,101.091569
-200,200,101.314703
-200,200,101.375484
-200,200,101.436739
-200,200,101.498091
-200,200,101.559401
-200,200,101.621102
-200,200,101.680506
-200,200,101.739924
-200,200,101.799231
-200,200,101.8584
-200,200,102.080924
-200,200,102.141597
-200,200,102.202374
-200,200,102.26394
-200,200,102.325413
-200,200,102.386815
-200,200,102.448041
-200,200,102.509199
-200,200,102.570397
-200,200,102.631399
-200,200,102.855071
-200,200,102.915088
-200,200,102.976407
-200,200,103.037879
-200,200,103.098964
-200,200,103.160448
-200,200,103.221809
-200,200,103.283432
-200,200,103.345295
-200,200,103.406954
-200,200,103.629857
-200,200,103.690897
-200,200,103.752639
-200,200,103.814312
-200,200,103.875935
-200,200,103.93755
-200,200,103.999077
-200,200,104.060643
-200,200,104.122732
-200,200,104.184498
-200,200,104.24625
-200,200,104.469197
-200,200,104.530349
-200,200,104.592027
-200,200,104.653537
-200,200,104.715337
-200,200,104.77687
-200,200,104.83887
-200,200,104.900535
-200,200,104.962341
-200,200,105.024056
-200,200,105.247656
-200,200,105.308181
-200,200,105.370226
-200,200,105.432111
-200,200,105.493618
-200,200,105.555472
-200,200,105.617002
-200,200,105.678786
-200,200,105.74174
-200,200,105.803439
-200,200,106.027119
-200,200,106.087452
-200,200,106.148968
-200,200,106.210192
-200,200,106.271816
-200,200,106.33329
-200,200,106.394759
-200,200,106.456273
-200,200,106.51759
-200,200,106.579228
-200,200,106.80262
-200,200,106.863319
-200,200,106.924655
-200,200,106.986089
-200,200,107.047557
-200,200,107.108938
-200,200,107.170204
-200,200,107.23165
-200,200,107.29306
-200,200,107.354349
-200,200,107.415744
-200,200,107.638846
-200,200,107.699701
-200,200,107.760818
-200,200,107.82228
-200,200,107.883659
-200,200,107.945254
-200,200,108.006646
-200,200,108.067752
-200,200,108.129064
-200,200,108.190165
-200,200,108.413877
-200,200,108.474343
-200,200,108.535392
-200,200,108.596751
-200,200,108.657977
-200,200,108.719073
-200,200,108.780799
-200,200,108.842089
-200,200,108.903285
-200,200,108.964578
-200,200,109.187741
-200,200,109.247716
-200,200,109.309211
-200,200,109.370576
-200,200,109.431986
-200,200,109.493813
-200,200,109.555442
-200,200,109.616675
-200,200,109.67816
-200,200,109.739436
-200,200,109.962797
-200,200,110.023131
-200,200,110.084483
-200,200,110.145723
-200,200,110.21287
-200,200,110.273252
-200,200,110.33195
-200,200,110.391789
-200,200,110.452901
-200,200,110.514071
-200,200,110.575408
-200,200,110.797228
-200,200,110.857893
-200,200,110.918939
-200,200,110.980054
-200,200,111.041111
-200,200,111.102236
-200,200,111.163287
-200,200,111.224349
-200,200,111.285432
-200,200,111.345469
-200,200,111.569541
-200,200,111.629819
-200,200,111.691244
-200,200,111.75286
-200,200,111.81378
-200,200,111.872545
-200,200,111.931235
-200,200,111.991878
-200,200,112.053222
-200,200,112.114265
-200,200,112.337724
-200,200,112.398093
-200,200,112.459342
-200,200,112.520212
-200,200,112.581325
-200,200,112.641933
-200,200,112.703036
-200,200,112.763876
-200,200,112.825267
-200,200,112.88642
-200,200,113.1098
-200,200,113.170124
-200,200,113.231096
-200,200,113.291992
-200,200,113.352886
-200,200,113.413894
-200,200,113.474854
-200,200,113.535787
-200,200,113.596847
-200,200,113.657726
-200,200,113.718679
-200,200,113.941233
-200,200,114.001805
-200,200,114.063049
-200,200,114.123955
-200,200,114.18506
-200,200,114.246435
-200,200,114.307681
-200,200,114.368901
-200,200,114.43005
-200,200,114.491328
-200,200,114.714724
-200,200,114.774924
-200,200,114.835235
-200,200,114.894183
-200,200,114.953368
-200,200,115.014481
-200,200,115.075469
-200,200,115.136528
-200,200,115.197405
-200,200,115.258583
-200,200,115.482969
-200,200,115.542607
-200,200,115.603613
-200,200,115.664618
-200,200,115.725626
-200,200,115.786752
-200,200,115.847724
-200,200,115.908679
-200,200,115.96961
-200,200,116.03014
-200,200,116.253438
-200,200,116.313467
-200,200,116.374312
-200,200,116.435008
-200,200,116.495724
-200,200,116.556195
-200,200,116.616863
-200,200,116.67723
-200,200,116.737699
-200,200,116.798404
-200,200,116.859282
-200,200,117.083483
-200,200,117.145217
-200,200,117.207495
-200,200,117.268207
-200,200,117.327129
-200,200,117.38728
-200,200,117.448242
-200,200,117.509411
-200,200,117.57051
-200,200,117.631448
-200,200,117.854804
-200,200,117.914563
-200,200,117.975539
-200,200,118.036138
-200,200,118.097039
-200,200,118.158076
-200,200,118.218631
-200,200,118.279626
-200,200,118.340384
-200,200,118.40132
-200,200,118.624426
-200,200,118.684161
-200,200,118.745947
-200,200,118.807458
-200,200,118.868298
-200,200,118.929424
-200,200,118.990296
-200,200,119.050795
-200,200,119.111744
-200,200,119.172489
-200,200,119.397259
-200,200,119.457058
-200,200,119.518059
-200,200,119.578997
-200,200,119.639648
-200,200,119.700399
-200,200,119.761154
-200,200,119.821859
-200,200,119.882659
-200,200,119.943609
-200,200,120.004406
-200,200,120.226965
-200,200,120.28775
-200,200,120.346836
-200,200,120.405851
-200,200,120.464902
-209,200,120.523658
-200,200,120.583642
-200,200,120.64443
-200,200,120.706227
-200,200,120.767173
-200,200,120.990203
-200,200,121.050765
-200,200,121.112193
-200,200,121.173962
-200,200,121.235393
-200,200,121.296966
-200,200,121.358275
-200,200,121.419577
-200,200,121.480849
-200,200,121.542417
-200,200,121.765973
-200,200,121.826244
-200,200,121.887681
-200,200,121.949296
-200,200,122.010525
-200,200,122.071916
-200,200,122.133229
-200,200,122.194817
-200,200,122.256141
-200,200,122.317708
-200,200,122.541443
-200,200,122.602006
-200,200,122.663342
-200,200,122.724895
-200,200,122.786448
-200,200,122.8475
-200,200,122.909045
-200,200,122.970469
-200,200,123.031934
-200,200,123.093498
-200,200,123.316831
-200,200,123.377793
-200,200,123.43923
-200,200,123.500972
-200,200,123.562513
-200,200,123.624022
-200,200,123.685394
-200,200,123.747068
-200,200,123.808666
-200,200,123.870096
-200,200,123.931703
-200,200,124.154787
-200,200,124.215909
-200,200,124.277112
-200,200,124.338494
-200,200,124.399687
-200,200,124.460915
-200,200,124.522383
-200,200,124.583462
-200,200,124.645196
-200,200,124.706688
-200,200,124.931093
-200,200,124.990829
-200,200,125.049299
-200,200,125.108065
-200,200,125.167951
-200,200,125.229136
-200,200,125.290358
-200,200,125.351434
-200,200,125.412493
-200,200,125.473245
-200,200,125.696463
-200,200,125.755246
-200,200,125.81613
-200,200,125.877032
-209,200,125.937747
-200,200,125.998809
-200,200,126.059356
-200,200,126.120212
-200,200,126.181785
-200,200,126.24271
-200,200,126.466779
-200,200,126.52738
-200,200,126.588385
-200,200,126.649629
-200,200,126.710673
-200,200,126.771982
-200,200,126.832624
-200,200,126.893694
-200,200,126.954779
-200,200,127.015844
-200,200,127.076955
-200,200,127.299446
-200,200,127.359575
-200,200,127.421258
-200,200,127.480161
-200,200,127.538967
-200,200,127.598745
-200,200,127.66002
-200,200,127.72073
-200,200,127.781595
-200,200,127.842441
-200,200,128.065045
-200,200,128.124768
-200,200,128.186417
-200,200,128.247789
-200,200,128.309075
-200,200,128.370216
-200,200,128.431317
-200,200,128.491865
-200,200,128.551933
-200,200,128.612647
-200,200,128.836224
-200,200,128.896697
-200,200,128.958178
-200,200,129.019637
-200,200,129.081009
-200,200,129.142482
-200,200,129.204078
-200,200,129.265447
-200,200,129.327459
-200,200,129.389252
-200,200,129.612923
-200,200,129.672974
-200,200,129.735015
-200,200,129.796705
-200,200,129.858761
-200,200,129.920344
-200,200,129.982027
-200,200,130.043618
-200,200,130.105188
-200,200,130.167084
-200,200,130.228531
-200,200,130.451005
-200,200,130.512066
-200,200,130.573566
-200,200,130.634887
-200,200,130.695952
-200,200,130.75739
-200,200,130.819078
-200,200,130.880242
-200,200,130.941424
-200,200,131.00257
-200,200,131.225719
-200,200,131.286611
-200,200,131.348367
-200,200,131.410187
-200,200,131.471894
-200,200,131.533443
-200,200,131.595148
-200,200,131.656628
-200,200,131.718137
-200,200,131.77974
-200,200,132.003297
-200,200,132.063379
-200,200,132.124863
-200,200,132.186456
-200,200,132.248031
-200,200,132.309649
-200,200,132.371351
-200,200,132.432662
-200,200,132.494086
-200,200,132.555307
-200,200,132.779126
-200,200,132.839353
-200,200,132.900915
-200,200,132.962444
-200,200,133.02384
-200,200,133.085407
-200,200,133.146619
-200,200,133.208192
-200,200,133.269985
-200,200,133.331562
-200,200,133.393247
-200,200,133.616328
-200,200,133.67749
-200,200,133.738965
-200,200,133.800513
-200,200,133.862274
-200,200,133.923692
-200,200,133.985141
-200,200,134.046275
-200,200,134.107378
-200,200,134.168662
-200,200,134.392721
-200,200,134.453298
-200,200,134.514844
-200,200,134.57631
-200,200,134.637729
-200,200,134.69923
-200,200,134.760184
-200,200,134.821336
-200,200,134.882573
-200,200,134.943823
-200,200,135.167161
-200,200,135.227457
-200,200,135.288758
-200,200,135.349862
-200,200,135.411074
-200,200,135.472238
-200,200,135.533389
-200,200,135.594518
-200,200,135.655324
-200,200,135.716377
-200,200,135.939659
-200,200,135.99962
-200,200,136.061101
-200,200,136.122459
-200,200,136.18394
-200,200,136.245379
-200,200,136.306808
-200,200,136.368155
-200,200,136.429471
-200,200,136.490948
-200,200,136.552064
-200,200,136.774376
-200,200,136.835762
-200,200,136.897398
-200,200,136.958952
-200,200,137.020198
-200,200,137.08163
-200,200,137.142604
-200,200,137.204161
-200,200,137.265703
-200,200,137.327367
-200,200,137.550395
-200,200,137.611307
-200,200,137.672957
-200,200,137.734366
-200,200,137.795751
-200,200,137.857173
-200,200,137.918569
-200,200,137.979791
-200,200,138.041438
-200,200,138.102771
-200,200,138.325038
-200,200,138.385115
-200,200,138.446043
-200,200,138.50686
-200,200,138.567885
-200,200,138.629174
-200,200,138.690144
-200,200,138.750925
-200,200,138.811806
-200,200,138.872679
-200,200,139.095294
-200,200,139.15542
-200,200,139.215826
-200,200,139.277283
-200,200,139.338659
-200,200,139.39999
-200,200,139.46139
-200,200,139.522775
-200,200,139.583941
-200,200,139.644868
-200,200,139.706131
-200,200,139.928328
-200,200,139.98934
-200,200,140.050124
-200,200,140.111314
-200,200,140.172181
-200,200,140.233321
-200,200,140.294474
-200,200,140.355412
-200,200,140.416393
-200,200,140.477405
-200,200,140.700518
-200,200,140.761448
-200,200,140.822806
-200,200,140.884089
-200,200,140.945289
-200,200,141.006642
-200,200,141.068121
-200,200,141.129507
-200,200,141.190835
-200,200,141.252018
-200,200,141.475685
-200,200,141.535408
-200,200,141.596159
-200,200,141.657054
-200,200,141.717768
-200,200,141.778672
-200,200,141.839474
-200,200,141.900312
-200,200,141.961124
-200,200,142.021814
-200,200,142.245354
-200,200,142.305102
-200,200,142.366104
-200,200,142.427166
-200,200,142.488236
-200,200,142.549334
-200,200,142.610406
-200,200,142.671452
-200,200,142.732452
-200,200,142.793445
-200,200,143.018843
-200,200,143.07843
-200,200,143.139329
-200,200,143.200808
-200,200,143.261906
-200,200,143.323087
-200,200,143.38399
-200,200,143.444848
-200,200,143.505674
-200,200,143.566439
-200,200,143.627371
-200,200,143.850169
-200,200,143.910643
-200,200,143.971552
-200,200,144.032125
-200,200,144.092976
-200,200,144.153608
-200,200,144.214699
-200,200,144.275225
-200,200,144.334265
-200,200,144.393041
-200,200,144.617887
-200,200,144.677987
-200,200,144.738341
-200,200,144.799814
-200,200,144.86137
-200,200,144.922986
-200,200,144.984555
-200,200,145.045867
-200,200,145.107245
-200,200,145.168711
-200,200,145.394058
-200,200,145.454508
-200,200,145.51618
-200,200,145.577744
-200,200,145.639231
-200,200,145.700788
-200,200,145.762341
-200,200,145.823868
-200,200,145.88524
-200,200,145.946596
-200,200,146.169746
-200,200,146.230133
-200,200,146.291461
-200,200,146.352641
-200,200,146.413966
-200,200,146.475173
-200,200,146.536388
-200,200,146.598164
-200,200,146.659935
-200,200,146.721201
-200,200,146.782681
-200,200,147.005516
-200,200,147.066624
-200,200,147.128167
-200,200,147.189839
-200,200,147.251343
-200,200,147.312866
-200,200,147.37425
-200,200,147.435652
-200,200,147.49718
-200,200,147.5584
-200,200,147.781136
-200,200,147.841629
-200,200,147.903022
-200,200,147.964386
-200,200,148.025857
-200,200,148.087088
-200,200,148.14817
-200,200,148.209693
-200,200,148.271006
-200,200,148.332601
-200,200,148.556819
-200,200,148.61748
-200,200,148.676923
-200,200,148.735863
-200,200,148.795066
-200,200,148.856321
-200,200,148.917274
-200,200,148.978291
-200,200,149.038321
-200,200,149.097332
-200,200,149.319879
-200,200,149.380518
-200,200,149.441785
-200,200,149.50329
-200,200,149.567551
-200,200,149.627575
-200,200,149.68849
-200,200,149.749475
-200,200,149.810649
-200,200,149.871957
-200,200,149.933263
-200,200,150.156639
-200,200,150.217909
-200,200,150.279166
-200,200,150.340479
-200,200,150.4017
-200,200,150.462729
-200,200,150.523938
-200,200,150.584983
-200,200,150.646083
-200,200,150.707045
-200,200,150.929856
-200,200,150.989984
-200,200,151.050876
-200,200,151.111876
-200,200,151.172779
-200,200,151.233741
-200,200,151.295139
-200,200,151.356121
-200,200,151.417078
-200,200,151.477953
-200,200,151.701601
-200,200,151.76146
-200,200,151.821865
-200,200,151.881
-200,200,151.941522
-200,200,152.00275
-200,200,152.063932
-200,200,152.125206
-200,200,152.186178
-200,200,152.245559
-200,200,152.467249
-200,200,152.52719
-200,200,152.588593
-200,200,152.649705
-200,200,152.711231
-200,200,152.772478
-200,200,152.834185
-200,200,152.89621
-200,200,152.957723
-200,200,153.019425
-200,200,153.080739
-200,200,153.303951
-200,200,153.365024
-200,200,153.426601
-200,200,153.488156
-200,200,153.549523
-200,200,153.610741
-200,200,153.672424
-200,200,153.733699
-200,200,153.795163
-200,200,153.856515
-200,200,154.081385
-200,200,154.141792
-200,200,154.203104
-200,200,154.264347
-200,200,154.325267
-200,200,154.386545
-200,200,154.447762
-200,200,154.50904
-200,200,154.570283
-200,200,154.631449
-200,200,154.854583
-200,200,154.915127
-200,200,154.976768
-200,200,155.038388
-200,200,155.099445
-200,200,155.160843
-200,200,155.222407
-200,200,155.28396
-200,200,155.346048
-200,200,155.40776
-200,200,155.631372
-200,200,155.691272
-200,200,155.752653
-200,200,155.813977
-200,200,155.875331
-200,200,155.936784
-200,200,155.998016
-200,200,156.059089
-200,200,156.120312
-200,200,156.18156
-200,200,156.242934
-200,200,156.465431
-200,200,156.526665
-200,200,156.588138
-200,200,156.649619
-200,200,156.710785
-200,200,156.772003
-200,200,156.833482
-200,200,156.894994
-200,200,156.956411
-200,200,157.018513
-200,200,157.241885
-200,200,157.30279
-200,200,157.364301
-200,200,157.425918
-200,200,157.487401
-200,200,157.548658
-200,200,157.610121
-200,200,157.67147
-200,200,157.732744
-200,200,157.794108
-200,200,158.018081
-200,200,158.078521
-200,200,158.139908
-200,200,158.20145
-200,200,158.262931
-200,200,158.324366
-200,200,158.385744
-200,200,158.447014
-200,200,158.508233
-200,200,158.569493
-200,200,158.793067
-200,200,158.853677
-200,200,158.915312
-200,200,158.976732
-200,200,159.038276
-200,200,159.09969
-209,200,159.160965
-200,200,159.222393
-200,200,159.283645
-200,200,159.34517
-200,200,159.406693
-200,200,159.629846
-200,200,159.690935
-200,200,159.75231
-200,200,159.813648
-200,200,159.874969
-200,200,159.936462
-200,200,159.997817
-200,200,160.058783
-200,200,160.119949
-200,200,160.181059
-200,200,160.404025
-200,200,160.464741
-200,200,160.525789
-200,200,160.587076
-200,200,160.647864
-200,200,160.709251
-200,200,160.770317
-200,200,160.831587
-200,200,160.892806
-200,200,160.954036
-200,200,161.177358
-200,200,161.23633
-200,200,161.295174
-200,200,161.355746
-200,200,161.41665
-200,200,161.477539
-200,200,161.53845
-200,200,161.599374
-200,200,161.660302
-200,200,161.721071
-200,200,161.943897
-200,200,162.003833
-200,200,162.064882
-200,200,162.125779
-200,200,162.186814
-200,200,162.248023
-200,200,162.30897
-200,200,162.369915
-200,200,162.430836
-200,200,162.491665
-200,200,162.714397
-200,200,162.776016
-200,200,162.837216
-200,200,162.898382
-200,200,162.959436
-200,200,163.02034
-200,200,163.081217
-200,200,163.142149
-200,200,163.203151
-200,200,163.264217
-200,200,163.325157
-200,200,163.547972
-200,200,163.608499
-200,200,163.66906
-200,200,163.729889
-200,200,163.790473
-200,200,163.851388
-200,200,163.912342
-200,200,163.973305
-200,200,164.034461
-200,200,164.095376
-200,200,164.31807
-200,200,164.377987
-200,200,164.439218
-200,200,164.500444
-200,200,164.561455
-200,200,164.622528
-200,200,164.683744
-200,200,164.74486
-200,200,164.806005
-200,200,164.866525
-200,200,165.089072
-200,200,165.1488
-200,200,165.209572
-200,200,165.270118
-200,200,165.331489
-200,200,165.392927
-200,200,165.454235
-200,200,165.515568
-200,200,165.576694
-200,200,165.638038
-200,200,165.861807
-200,200,165.922145
-200,200,165.983711
-200,200,166.045335
-200,200,166.107093
-200,200,166.168962
-200,200,166.230445
-200,200,166.292188
-200,200,166.353794
-200,200,166.415331
-200,200,166.476877
-200,200,166.699485
-200,200,166.760255
-200,200,166.821656
-200,200,166.880841
-200,200,166.942069
-200,200,167.003585
-200,200,167.064948
-200,200,167.125145
-200,200,167.186313
-200,200,167.245559
-200,200,167.470187
-200,200,167.530511
-200,200,167.591609
-200,200,167.652335
-200,200,167.713547
-200,200,167.774737
-200,200,167.835657
-200,200,167.896831
-200,200,167.958037
-200,200,168.019272
-200,200,168.242889
-200,200,168.302908
-200,200,168.363967
-200,200,168.424981
-200,200,168.486153
-200,200,168.547436
-200,200,168.608674
-200,200,168.669649
-200,200,168.730837
-200,200,168.791681
-200,200,169.015087
-200,200,169.074824
-200,200,169.135977
-200,200,169.197476
-200,200,169.258766
-200,200,169.320199
-200,200,169.381165
-200,200,169.442627
-200,200,169.50362
-200,200,169.564584
-200,200,169.625478
-200,200,169.847507
-200,200,169.90783
-200,200,169.968678
-200,200,170.029178
-200,200,170.089836
-200,200,170.15058
-200,200,170.212523
-200,200,170.273541
-200,200,170.334486
-200,200,170.395383
-200,200,170.618405
-200,200,170.678386
-200,200,170.739269
-200,200,170.800249
-200,200,170.861411
-200,200,170.922448
-200,200,170.983399
-200,200,171.04408
-200,200,171.104902
-200,200,171.165987
-200,200,171.38922
-200,200,171.449156
-200,200,171.510045
-200,200,171.571089
-200,200,171.631578
-200,200,171.692527
-200,200,171.753169
-200,200,171.814083
-200,200,171.872761
-200,200,171.933527
-200,200,172.15652
-200,200,172.216914
-200,200,172.278137
-200,200,172.339345
-200,200,172.400397
-200,200,172.461548
-200,200,172.522344
-200,200,172.583452
-200,200,172.645609
-200,200,172.706852
-200,200,172.767829
-200,200,172.990286
-200,200,173.051138
-200,200,173.112041
-200,200,173.173174
-200,200,173.234081
-200,200,173.295394
-200,200,173.356719
-200,200,173.417983
-200,200,173.479224
-200,200,173.540255
-200,200,173.763802
-200,200,173.82417
-200,200,173.885123
-200,200,173.946137
-200,200,174.00726
-200,200,174.068516
-200,200,174.129659
-200,200,174.190898
-200,200,174.252079
-200,200,174.313148
-200,200,174.536609
-200,200,174.597366
-200,200,174.658636
-200,200,174.72001
-200,200,174.781092
-200,200,174.842494
-209,200,174.903774
-200,200,174.965064
-200,200,175.025971
-200,200,175.087062
-200,200,175.310538
-200,200,175.370464
-200,200,175.431969
-200,200,175.493044
-200,200,175.553943
-200,200,175.615232
-200,200,175.676203
-200,200,175.737432
-200,200,175.798584
-200,200,175.859502
-200,200,175.920656
-200,200,176.142268
-200,200,176.203154
-200,200,176.265007
-200,200,176.326632
-200,200,176.387864
-200,200,176.448991
-200,200,176.509851
-200,200,176.57079
-200,200,176.631575
-200,200,176.692256
-200,200,176.914999
-200,200,176.975219
-209,200,177.036902
-200,200,177.098118
-200,200,177.158926
-200,200,177.21994
-200,200,177.280788
-200,200,177.341775
-200,200,177.402514
-200,200,177.463588
-200,200,177.686964
-200,200,177.746294
-200,200,177.806976
-200,200,177.867936
-200,200,177.928831
-200,200,177.989308
-200,200,178.050153
-200,200,178.110862
-200,200,178.171484
-200,200,178.231393
-200,200,178.45619
-200,200,178.515291
-200,200,178.574351
-200,200,178.633306
-200,200,178.693959
-200,200,178.755495
-200,200,178.81637
-200,200,178.877435
-200,200,178.938286
-200,200,178.99924
-200,200,179.060081
-200,200,179.282033
-200,200,179.343395
-200,200,179.404686
-200,200,179.465818
-200,200,179.526906
-200,200,179.587651
-200,200,179.648502
-200,200,179.708792
-200,200,179.769706
-200,200,179.83059
-200,200,180.053414
-200,200,180.113418
-200,200,180.17419
-200,200,180.235208
-200,200,180.29636
-200,200,180.357076
-200,200,180.417892
-200,200,180.478727
-200,200,180.539165
-200,200,180.5997
-200,200,180.821924
-200,200,180.881676
-200,200,180.942438
-200,200,181.00316
-200,200,181.063941
-200,200,181.124726
-200,200,181.186377
-200,200,181.245807
-200,200,181.307859
-200,200,181.369218
-200,200,181.5927
-200,200,181.653022
-200,200,181.714951
-200,200,181.776649
-200,200,181.838204
-200,200,181.89984
-200,200,181.961528
-200,200,182.023146
-200,200,182.084451
-200,200,182.146035
-200,200,182.369283
-200,200,182.430536
-200,200,182.492286
-200,200,182.554128
-200,200,182.615727
-200,200,182.677212
-200,200,182.738514
-200,200,182.800015
-200,200,182.861557
-200,200,182.923071
-200,200,182.984649
-200,200,183.208249
-200,200,183.26956
-200,200,183.331825
-200,200,183.39399
-200,200,183.456073
-200,200,183.517786
-200,200,183.579821
-200,200,183.64156
-200,200,183.703422
-200,200,183.765274
-200,200,183.989271
-200,200,184.050195
-218,200,184.111767
-200,200,184.173359
-200,200,184.235511
-200,200,184.297176
-200,200,184.358886
-200,200,184.420577
-200,200,184.482172
-200,200,184.543415
-200,200,184.767709
-200,200,184.828068
-200,200,184.889709
-200,200,184.951304
-200,200,185.012856
-200,200,185.074474
-200,200,185.135942
-200,200,185.197544
-200,200,185.259358
-200,200,185.320995
-200,200,185.545024
-200,200,185.604951
-200,200,185.666432
-200,200,185.727928
-200,200,185.789443
-200,200,185.851061
-200,200,185.912435
-200,200,185.973875
-200,200,186.035401
-200,200,186.096756
-200,200,186.158262
-200,200,186.381707
-200,200,186.4428
-200,200,186.504014
-200,200,186.565532
-200,200,186.626252
-200,200,186.686459
-200,200,186.747611
-200,200,186.808563
-200,200,186.869799
-200,200,186.930813
-254,200,187.153183
-200,200,187.213402
-209,200,187.274332
-200,200,187.335114
-200,200,187.394936
-200,200,187.454193
-200,200,187.514704
-200,200,187.575636
-200,200,187.63627
-200,200,187.697468
-227,200,187.925218
-200,200,187.9852
-200,200,188.046129
-200,200,188.107617
-200,200,188.169184
-200,200,188.231031
-200,200,188.292814
-200,200,188.354316
-200,200,188.41484
-200,200,188.476773
-200,200,188.700924
-200,200,188.761426
-200,200,188.822983
-200,200,188.884444
-200,200,188.946065
-200,200,189.007761
-200,200,189.069265
-200,200,189.130754
-200,200,189.192274
-200,200,189.253554
-200,200,189.315259
-200,200,189.537833
-200,200,189.598238
-200,200,189.65933
-200,200,189.720471
-200,200,189.781607
-200,200,189.843021
-200,200,189.904163
-209,200,189.965245
-200,200,190.026729
-200,200,190.087836
-200,200,190.31259
-200,200,190.372468
-200,200,190.43372
-200,200,190.494878
-200,200,190.555655
-200,200,190.616825
-200,200,190.6777
-200,200,190.738781
-200,200,190.799583
-200,200,190.860639
-200,200,191.083716
-200,200,191.143656
-200,200,191.20532
-200,200,191.266328
-200,200,191.326488
-209,200,191.387884
-200,200,191.449488
-200,200,191.510712
-200,200,191.570414
-200,200,191.631659
-200,200,191.855568
-200,200,191.915165
-200,200,191.975773
-200,200,192.037427
-200,200,192.098869
-200,200,192.160389
-200,200,192.221908
-200,200,192.283529
-200,200,192.345086
-200,200,192.406599
-209,200,192.468192
-200,200,192.691924
-200,200,192.752799
-200,200,192.814299
-200,200,192.875704
-200,200,192.937241
-200,200,192.998818
-200,200,193.059938
-200,200,193.121265
-200,200,193.183099
-200,200,193.242182
-200,200,193.468878
-200,200,193.528118
-200,200,193.587229
-200,200,193.646523
-200,200,193.706803
-200,200,193.768337
-200,200,193.829836
-200,200,193.891241
-200,200,193.952502
-200,200,194.013633
-209,200,194.237635
-200,200,194.297866
-200,200,194.358974
-200,200,194.420121
-209,200,194.481126
-200,200,194.542402
-200,200,194.603221
-200,200,194.664396
-200,200,194.725368
-200,200,194.785742
-200,200,195.011188
-200,200,195.071442
-200,200,195.132814
-200,200,195.194586
-200,200,195.255885
-200,200,195.317325
-200,200,195.378405
-200,200,195.439568
-200,200,195.500977
-200,200,195.562315
-200,200,195.624005
-200,200,195.846964
-200,200,195.908155
-200,200,195.969571
-200,200,196.03059
-200,200,196.091869
-200,200,196.15317
-200,200,196.214055
-200,200,196.274611
-200,200,196.334522
-200,200,196.395924
-200,200,196.618603
-200,200,196.679351
-200,200,196.740529
-200,200,196.802066
-200,200,196.863522
-200,200,196.925344
-200,200,196.986772
-200,200,197.048255
-200,200,197.10925
-200,200,197.170753
-200,200,197.39385
-200,200,197.454159
-200,200,197.51566
-200,200,197.576983
-200,200,197.63853
-200,200,197.700525
-200,200,197.760182
-209,200,197.819811
-200,200,197.880388
-200,200,197.941262
-200,200,198.165826
-200,200,198.225445
-200,200,198.286917
-200,200,198.3485
-200,200,198.409798
-200,200,198.471231
-200,200,198.532088
-200,200,198.593241
-200,200,198.655115
-200,200,198.714321
-200,200,198.773234
-200,200,198.996344
-200,200,199.057815
-200,200,199.119061
-200,200,199.180641
-200,200,199.242197
-200,200,199.303724
-200,200,199.365198
-200,200,199.426636
-200,200,199.488082
-200,200,199.549564
-200,200,199.772595
-200,200,199.833572
-200,200,199.895413
-200,200,199.956826
-200,200,200.01818
-200,200,200.079495
-200,200,200.140767
-200,200,200.20223
-200,200,200.263671
-200,200,200.325041
-200,200,200.549498
-200,200,200.609895
-200,200,200.671449
-200,200,200.732885
-200,200,200.794996
-200,200,200.856731
-200,200,200.918362
-200,200,200.980009
-200,200,201.041564
-200,200,201.103163
-200,200,201.327515
-200,200,201.387716
-200,200,201.449293
-200,200,201.511242
-200,200,201.570528
-200,200,201.630604
-200,200,201.692141
-200,200,201.753387
-200,200,201.812694
-200,200,201.871784
-200,200,202.094541
-200,200,202.155558
-200,200,202.217678
-200,200,202.279401
-200,200,202.341186
-200,200,202.40141
-200,200,202.461594
-200,200,202.520316
-200,200,202.579181
-200,200,202.640257
-200,200,202.701405
-200,200,202.924501
-200,200,202.984952
-200,200,203.045967
-200,200,203.107069
-200,200,203.168136
-200,200,203.22955
-200,200,203.290469
-200,200,203.351503
-200,200,203.412176
-200,200,203.473249
-200,200,203.69746
-200,200,203.758012
-200,200,203.819207
-200,200,203.880441
-200,200,203.941539
-200,200,204.002808
-200,200,204.063502
-200,200,204.124274
-200,200,204.185724
-200,200,204.246819
-200,200,204.46964
-200,200,204.528963
-200,200,204.589747
-200,200,204.650321
-200,200,204.711025
-200,200,204.771854
-200,200,204.832668
-200,200,204.893492
-200,200,204.954255
-200,200,205.014953
-200,200,205.238414
-200,200,205.298323
-209,200,205.359258
-200,200,205.420331
-200,200,205.481335
-200,200,205.542396
-200,200,205.603494
-200,200,205.664407
-200,200,205.725291
-200,200,205.786154
-200,200,205.847118
-200,200,206.069574
-200,200,206.129411
-200,200,206.190353
-200,200,206.2512
-200,200,206.311981
-200,200,206.372911
-200,200,206.433535
-200,200,206.494197
-200,200,206.554696
-200,200,206.615678
-200,200,206.838037
-200,200,206.89813
-200,200,206.95913
-200,200,207.020011
-200,200,207.08092
-200,200,207.141751
-200,200,207.202517
-200,200,207.263308
-200,200,207.32483
-200,200,207.38603
-200,200,207.609172
-200,200,207.668892
-200,200,207.729944
-200,200,207.790928
-200,200,207.85166
-200,200,207.912475
-200,200,207.97339
-200,200,208.033885
-200,200,208.094694
-200,200,208.155849
-200,200,208.379246
-200,200,208.438987
-200,200,208.500093
-209,200,208.561104
-200,200,208.622126
-200,200,208.683076
-200,200,208.743846
-200,200,208.804775
-200,200,208.86582
-200,200,208.926965
-200,200,208.988118
-200,200,209.210616
-200,200,209.271438
-200,200,209.332627
-200,200,209.393845
-200,200,209.455178
-200,200,209.516389
-200,200,209.577432
-200,200,209.63845
-200,200,209.699417
-200,200,209.760616
-200,200,209.984658
-200,200,210.045063
-200,200,210.106433
-200,200,210.167841
-200,200,210.22947
-200,200,210.290693
-200,200,210.351852
-200,200,210.412924
-200,200,210.473897
-200,200,210.534952
-200,200,210.757997
-200,200,210.817782
-200,200,210.878753
-200,200,210.939775
-200,200,211.000686
-200,200,211.061594
-200,200,211.122361
-200,200,211.183254
-200,200,211.243992
-200,200,211.304802
-200,200,211.527575
-200,200,211.587254
-200,200,211.648217
-200,200,211.709508
-200,200,211.770593
-200,200,211.831796
-200,200,211.892842
-200,200,211.953843
-200,200,212.014763
-200,200,212.075583
-200,200,212.13642
-200,200,212.358671
-200,200,212.419108
-200,200,212.479957
-200,200,212.540704
-200,200,212.60137
-200,200,212.662005
-200,200,212.722953
-200,200,212.783493
-200,200,212.84423
-200,200,212.905138
-200,200,213.128272
-200,200,213.18836
-200,200,213.249215
-200,200,213.310058
-200,200,213.370798
-200,200,213.43164
-200,200,213.492423
-200,200,213.553167
-200,200,213.613877
-200,200,213.674852
-200,200,213.897585
-200,200,213.957298
-200,200,214.018097
-200,200,214.079098
-200,200,214.139787
-200,200,214.200904
-200,200,214.261884
-200,200,214.3228
-200,200,214.383744
-200,200,214.444541
-200,200,214.6674
-200,200,214.727287
-200,200,214.788486
-200,200,214.84937
-200,200,214.909682
-200,200,214.968919
-200,200,215.027969
-200,200,215.087263
-200,200,215.148524
-200,200,215.210094
-200,200,215.271572
-200,200,215.493421
-200,200,215.554304
-200,200,215.6155
-200,200,215.676643
-200,200,215.737876
-200,200,215.79905
-200,200,215.860207
-200,200,215.921356
-200,200,215.98299
-200,200,216.044337
-200,200,216.26755
-200,200,216.328265
-200,200,216.38983
-200,200,216.451344
-200,200,216.512528
-200,200,216.574037
-200,200,216.635119
-200,200,216.696614
-200,200,216.757824
-200,200,216.819308
-200,200,217.042274
-200,200,217.102466
-200,200,217.163794
-200,200,217.224943
-200,200,217.286177
-200,200,217.347417
-200,200,217.408653
-200,200,217.4699
-200,200,217.531042
-200,200,217.5923
-200,200,217.815579
-200,200,217.876272
-200,200,217.935775
-200,200,217.995283
-200,200,218.056664
-200,200,218.117772
-200,200,218.17898
-200,200,218.240522
-200,200,218.302242
-200,200,218.36373
-200,200,218.425055
-200,200,218.647823
-200,200,218.708973
-200,200,218.770257
-200,200,218.831383
-200,200,218.892638
-200,200,218.953608
-200,200,219.014512
-200,200,219.075583
-200,200,219.13669
-200,200,219.19787
-200,200,219.422216
-200,200,219.482811
-200,200,219.54411
-200,200,219.604916
-200,200,219.665932
-200,200,219.726366
-200,200,219.787356
-200,200,219.848028
-200,200,219.908969
-200,200,219.969907
-200,200,220.192998
-200,200,220.254124
-200,200,220.315309
-200,200,220.376448
-200,200,220.43742
-200,200,220.498418
-200,200,220.559241
-200,200,220.619925
-200,200,220.680712
-200,200,220.741179
-200,200,220.965166
-200,200,221.024641
-200,200,221.085672
-200,200,221.146421
-200,200,221.20778
-200,200,221.269169
-200,200,221.330075
-200,200,221.391092
-200,200,221.452275
-200,200,221.513159
-200,200,221.735955
-200,200,221.796482
-200,200,221.857423
-200,200,221.918616
-200,200,221.979568
-200,200,222.040591
-200,200,222.101308
-200,200,222.162285
-200,200,222.223125
-200,200,222.284067
-200,200,222.345082
-200,200,222.567799
-200,200,222.628371
-200,200,222.6896
-200,200,222.750839
-200,200,222.811773
-200,200,222.873069
-200,200,222.934772
-200,200,222.99525
-200,200,223.054198
-200,200,223.113294
-200,200,223.336592
-200,200,223.396581
-200,200,223.45756
-200,200,223.518507
-200,200,223.579115
-200,200,223.64014
-200,200,223.701366
-200,200,223.762335
-200,200,223.823531
-200,200,223.884715
-200,200,224.10789
-200,200,224.167738
-200,200,224.228917
-200,200,224.289998
-200,200,224.351019
-200,200,224.412041
-200,200,224.472883
-200,200,224.53357
-200,200,224.595008
-200,200,224.655974
-200,200,224.879037
-200,200,224.939116
-200,200,224.999986
-200,200,225.060948
-200,200,225.121894
-200,200,225.182827
-200,200,225.24381
-200,200,225.304768
-200,200,225.365681
-200,200,225.426559
-200,200,225.487485
-200,200,225.709748
-200,200,225.770308
-200,200,225.831349
-200,200,225.892408
-200,200,225.953383
-200,200,226.014092
-200,200,226.075134
-200,200,226.135979
-200,200,226.197163
-200,200,226.258227
-200,200,226.481161
-200,200,226.541116
-200,200,226.602159
-200,200,226.663301
-200,200,226.724229
-200,200,226.78537
-200,200,226.846509
-200,200,226.907501
-200,200,226.968467
-200,200,227.029542
-200,200,227.253115
-200,200,227.313048
-200,200,227.374229
-200,200,227.435491
-200,200,227.496573
-200,200,227.557876
-200,200,227.619222
-200,200,227.6804
-200,200,227.741608
-200,200,227.80276
-200,200,228.025925
-200,200,228.085988
-200,200,228.146789
-200,200,228.207934
-200,200,228.268968
-200,200,228.330027
-200,200,228.391011
-200,200,228.450424
-200,200,228.511174
-200,200,228.57202
-200,200,228.632488
-200,200,228.855772
-200,200,228.916101
-200,200,228.976981
-200,200,229.037922
-200,200,229.099053
-200,200,229.160035
-200,200,229.221111
-200,200,229.282169
-200,200,229.343208
-200,200,229.403855
-200,200,229.627349
-200,200,229.687257
-200,200,229.748044
-200,200,229.809042
-200,200,229.869815
-200,200,229.929246
-200,200,229.988501
-200,200,230.04899
-200,200,230.110435
-200,200,230.171801
-200,200,230.39694
-200,200,230.457311
-200,200,230.518977
-209,200,230.580219
-200,200,230.641844
-200,200,230.703189
-200,200,230.764202
-200,200,230.825901
-209,200,230.88724
-200,200,230.948585
-200,200,231.172332
-200,200,231.232833
-200,200,231.294435
-200,200,231.35599
-200,200,231.41753
-200,200,231.479092
-200,200,231.540409
-200,200,231.602017
-200,200,231.663366
-200,200,231.724706
-200,200,231.785979
-200,200,232.00913
-200,200,232.07049
-200,200,232.131911
-200,200,232.193413
-200,200,232.255018
-200,200,232.316648
-200,200,232.378129
-200,200,232.439816
-200,200,232.50143
-200,200,232.562948
-200,200,232.785208
-200,200,232.845793
-200,200,232.907163
-200,200,232.968485
-200,200,233.029906
-200,200,233.091232
-200,200,233.151995
-200,200,233.213331
-200,200,233.275338
-200,200,233.336973
-200,200,233.56128
-200,200,233.622104
-200,200,233.683812
-200,200,233.746126
-200,200,233.808009
-200,200,233.86959
-200,200,233.931299
-200,200,233.992943
-200,200,234.054571
-200,200,234.116209
-200,200,234.339883
-200,200,234.400378
-200,200,234.460687
-200,200,234.520219
-200,200,234.581463
-200,200,234.643032
-200,200,234.704489
-200,200,234.766035
-200,200,234.827415
-200,200,234.888686
-200,200,234.950135
-200,200,235.172868
-200,200,235.234567
-200,200,235.296484
-200,200,235.358523
-200,200,235.420427
-200,200,235.482415
-200,200,235.544032
-200,200,235.605669
-200,200,235.667417
-200,200,235.728841
-200,200,235.953393
-200,200,236.012443
-200,200,236.073458
-200,200,236.134461
-200,200,236.195539
-200,200,236.256377
-200,200,236.317279
-200,200,236.378117
-200,200,236.439164
-200,200,236.500081
-200,200,236.723584
-200,200,236.783902
-200,200,236.845223
-200,200,236.906307
-200,200,236.967333
-200,200,237.029209
-200,200,237.089957
-200,200,237.150938
-200,200,237.211683
-200,200,237.273273
-200,200,237.497899
-200,200,237.5571
-200,200,237.61705
-200,200,237.677951
-200,200,237.73927
-200,200,237.800608
-200,200,237.861736
-200,200,237.922786
-200,200,237.983825
-200,200,238.044767
-200,200,238.105917
-200,200,238.329274
-200,200,238.386942
-200,200,238.448587
-200,200,238.509981
-200,200,238.571393
-200,200,238.632572
-200,200,238.693452
-200,200,238.754876
-200,200,238.81586
-200,200,238.877329
-200,200,239.099813
-200,200,239.160527
-200,200,239.221994
-200,200,239.283361
-200,200,239.3446
-200,200,239.405992
-200,200,239.467053
-200,200,239.528263
-200,200,239.589508
-200,200,239.650527
-200,200,239.87394
-200,200,239.934012
-200,200,239.99545
-200,200,240.056657
-200,200,240.117854
-200,200,240.179204
-200,200,240.24029
-200,200,240.301688
-200,200,240.363235
-200,200,240.42454
-200,200,240.648076
-200,200,240.707585
-200,200,240.768837
-200,200,240.830191
-200,200,240.891474
-200,200,240.952903
-200,200,241.014196
-200,200,241.075375
-200,200,241.136809
-200,200,241.19791
-200,200,241.421164
-200,200,241.482656
-200,200,241.544224
-200,200,241.605567
-200,200,241.667088
-200,200,241.728223
-200,200,241.789399
-200,200,241.850883
-200,200,241.912701
-200,200,241.974305
-200,200,242.035875
-200,200,242.258481
-200,200,242.319721
-200,200,242.381185
-200,200,242.442683
-200,200,242.503857
-200,200,242.565297
-200,200,242.626485
-200,200,242.687567
-200,200,242.749098
-200,200,242.810564
-200,200,243.033978
-200,200,243.094669
-200,200,243.156346
-200,200,243.217823
-200,200,243.279337
-200,200,243.34089
-200,200,243.402451
-200,200,243.461804
-200,200,243.523144
-200,200,243.584578
-200,200,243.808765
-200,200,243.868996
-200,200,243.930655
-200,200,243.992162
-200,200,244.053747
-200,200,244.115314
-200,200,244.176888
-200,200,244.23896
-200,200,244.300567
-200,200,244.362159
-200,200,244.585874
-200,200,244.645808
-200,200,244.707016
-200,200,244.768337
-200,200,244.829623
-200,200,244.891067
-200,200,244.952382
-200,200,245.013854
-200,200,245.075317
-200,200,245.136957
-200,200,245.198606
-200,200,245.421798
-200,200,245.482675
-200,200,245.544137
-200,200,245.605381
-200,200,245.666786
-200,200,245.727661
-200,200,245.788631
-200,200,245.849789
-200,200,245.910969
-200,200,245.972159
-200,200,246.195151
-200,200,246.256062
-200,200,246.31756
-200,200,246.379078
-200,200,246.440589
-200,200,246.502206
-200,200,246.563776
-200,200,246.625112
-200,200,246.68645
-200,200,246.747688
-200,200,246.971082
-200,200,247.030967
-200,200,247.092233
-200,200,247.153524
-200,200,247.214699
-200,200,247.276119
-200,200,247.336976
-200,200,247.396677
-200,200,247.456093
-200,200,247.516758
-200,200,247.740354
-200,200,247.800309
-200,200,247.861427
-200,200,247.922501
-200,200,247.983634
-200,200,248.044934
-200,200,248.105886
-200,200,248.167197
-200,200,248.228195
-200,200,248.287662
-200,200,248.347366
-200,200,248.5704
-200,200,248.631982
-200,200,248.691022
-200,200,248.750767
-200,200,248.811895
-200,200,248.873225
-200,200,248.934881
-200,200,248.996077
-200,200,249.057245
-200,200,249.11816
-200,200,249.342759
-200,200,249.402266
-200,200,249.461761
-200,200,249.521116
-200,200,249.582146
-200,200,249.643615
-200,200,249.705197
-200,200,249.766796
-200,200,249.828271
-200,200,249.889779
-200,200,250.113281
-200,200,250.173554
-200,200,250.234944
-200,200,250.296458
-200,200,250.357761
-200,200,250.4193
-200,200,250.480893
-200,200,250.542461
-200,200,250.604474
-200,200,250.666118
-200,200,250.892953
-200,200,250.952162
-200,200,251.013521
-200,200,251.074971
-200,200,251.136246
-200,200,251.197589
-200,200,251.258212
-200,200,251.319121
-200,200,251.380683
-200,200,251.442147
-200,200,251.503611
-200,200,251.726733
-200,200,251.78768
-200,200,251.84912
-200,200,251.910441
-200,200,251.972136
-200,200,252.033447
-200,200,252.094864
-200,200,252.15596
-200,200,252.217284
-200,200,252.278691
-200,200,252.502127
-200,200,252.562823
-200,200,252.62462
-200,200,252.686162
-200,200,252.747412
-200,200,252.809098
-200,200,252.870961
-200,200,252.932714
-200,200,252.994771
-200,200,253.056429
-200,200,253.280583
-200,200,253.341346
-200,200,253.399998
-200,200,253.458749
-200,200,253.517544
-200,200,253.576516
-200,200,253.636432
-200,200,253.697308
-200,200,253.758193
-200,200,253.819141
-200,200,254.041873
-200,200,254.101258
-200,200,254.1623
-200,200,254.222985
-200,200,254.283026
-200,200,254.344021
-200,200,254.403095
-200,200,254.462725
-200,200,254.524456
-200,200,254.585874
-200,200,254.647287
-200,200,254.870248
-200,200,254.931079
-200,200,254.992555
-200,200,255.053978
-200,200,255.114999
-200,200,255.176605
-200,200,255.237784
-200,200,255.299112
-200,200,255.360508
-200,200,255.421957
-200,200,255.645028
-200,200,255.705755
-200,200,255.767297
-200,200,255.828757
-200,200,255.89003
-200,200,255.951389
-200,200,256.012358
-200,200,256.073551
-200,200,256.1343
-200,200,256.195536
-200,200,256.418939
-200,200,256.479067
-200,200,256.540106
-200,200,256.601017
-200,200,256.661929
-200,200,256.723192
-200,200,256.784142
-200,200,256.845293
-200,200,256.906289
-200,200,256.96744
-200,200,257.190702
-200,200,257.250567
-200,200,257.311966
-200,200,257.373394
-200,200,257.434778
-200,200,257.496201
-200,200,257.55751
-200,200,257.618601
-200,200,257.680044
-200,200,257.741195
-200,200,257.802542
-200,200,258.025178
-200,200,258.086138
-200,200,258.147071
-200,200,258.208241
-200,200,258.269657
-200,200,258.331068
-200,200,258.392274
-200,200,258.453752
-200,200,258.514707
-200,200,258.576173
-200,200,258.799005
-200,200,258.857147
-200,200,258.918585
-200,200,258.980128
-200,200,259.041548
-200,200,259.102873
-200,200,259.164045
-200,200,259.225163
-200,200,259.286804
-200,200,259.348336
-200,200,259.571352
-200,200,259.631625
-200,200,259.693137
-200,200,259.75461
-200,200,259.81601
-200,200,259.877391
-200,200,259.938808
-200,200,260.00018
-200,200,260.061737
-200,200,260.122997
-200,200,260.346805
-200,200,260.407235
-200,200,260.468772
-200,200,260.530317
-200,200,260.591645
-200,200,260.65268
-200,200,260.714149
-200,200,260.775341
-200,200,260.836689
-200,200,260.89801
-200,200,261.120377
-200,200,261.181216
-200,200,261.242633
-200,200,261.304372
-200,200,261.366055
-200,200,261.42768
-200,200,261.489213
-200,200,261.55081
-200,200,261.612069
-200,200,261.673514
-200,200,261.734726
-200,200,261.9579
-200,200,262.018905
-200,200,262.080553
-200,200,262.141841
-200,200,262.203384
-200,200,262.264894
-200,200,262.326414
-200,200,262.387959
-200,200,262.449511
-200,200,262.510923
-200,200,262.734843
-200,200,262.795205
-200,200,262.856844
-200,200,262.918406
-200,200,262.979868
-200,200,263.041237
-200,200,263.102863
-200,200,263.163896
-200,200,263.225127
-200,200,263.286287
-200,200,263.509757
-200,200,263.570428
-200,200,263.632053
-200,200,263.693717
-200,200,263.755129
-200,200,263.816441
-200,200,263.877693
-200,200,263.935847
-200,200,263.997163
-200,200,264.058373
-200,200,264.281805
-200,200,264.342073
-200,200,264.40335
-200,200,264.464754
-200,200,264.52579
-200,200,264.587106
-200,200,264.647781
-200,200,264.708703
-200,200,264.769208
-200,200,264.830719
-200,200,264.891962
-200,200,265.114519
-200,200,265.175291
-200,200,265.236493
-200,200,265.298165
-200,200,265.359329
-200,200,265.420907
-200,200,265.482176
-200,200,265.543557
-200,200,265.604885
-200,200,265.666442
-200,200,265.889859
-200,200,265.95068
-200,200,266.012409
-200,200,266.074167
-200,200,266.136015
-200,200,266.19779
-200,200,266.259521
-200,200,266.321096
-200,200,266.382514
-200,200,266.443994
-200,200,266.66759
-200,200,266.728493
-200,200,266.790064
-200,200,266.851649
-200,200,266.913069
-200,200,266.974647
-209,200,267.036059
-200,200,267.097345
-200,200,267.158591
-200,200,267.219821
-200,200,267.443088
-200,200,267.50308
-200,200,267.564258
-200,200,267.62571
-200,200,267.686567
-200,200,267.747529
-200,200,267.808864
-200,200,267.870027
-200,200,267.931772
-200,200,267.993248
-200,200,268.05474
-200,200,268.278009
-200,200,268.339122
-200,200,268.400737
-200,200,268.462237
-200,200,268.523307
-200,200,268.584928
-200,200,268.646425
-200,200,268.707467
-200,200,268.769147
-200,200,268.830411
-200,200,269.053468
-200,200,269.113792
-200,200,269.175241
-200,200,269.236792
-200,200,269.298633
-200,200,269.359434
-200,200,269.42021
-200,200,269.481232
-200,200,269.543047
-200,200,269.604816
-200,200,269.828191
-200,200,269.889043
-200,200,269.951049
-200,200,270.013106
-200,200,270.075154
-200,200,270.137058
-200,200,270.198699
-200,200,270.261742
-200,200,270.323812
-200,200,270.385738
-200,200,270.609946
-200,200,270.66996
-200,200,270.731274
-200,200,270.793099
-200,200,270.854463
-200,200,270.915919
-200,200,270.97775
-200,200,271.03883
-200,200,271.09995
-200,200,271.16123
-200,200,271.222368
-200,200,271.447829
-200,200,271.507671
-200,200,271.567932
-200,200,271.631252
-200,200,271.69306
-200,200,271.753233
-200,200,271.812818
-200,200,271.872026
-200,200,271.931138
-200,200,271.99031
-200,200,272.212918
-200,200,272.273523
-200,200,272.334939
-200,200,272.396313
-200,200,272.457592
-200,200,272.5187
-200,200,272.579859
-200,200,272.641163
-200,200,272.702765
-200,200,272.764586
-200,200,272.988164
-200,200,273.0487
-200,200,273.110018
-200,200,273.171346
-200,200,273.232638
-200,200,273.294402
-200,200,273.355716
-200,200,273.417421
-200,200,273.479054
-200,200,273.540253
-200,200,273.763911
-200,200,273.824092
-200,200,273.885507
-200,200,273.947055
-200,200,274.008506
-200,200,274.070055
-200,200,274.131711
-200,200,274.193261
-200,200,274.254484
-200,200,274.315892
-200,200,274.377225
-200,200,274.600382
-200,200,274.661775
-200,200,274.723419
-200,200,274.785098
-200,200,274.847265
-200,200,274.909236
-200,200,274.971749
-200,200,275.033507
-200,200,275.09516
-200,200,275.156682
-200,200,275.378978
-200,200,275.439501
-200,200,275.500787
-200,200,275.561938
-200,200,275.623317
-200,200,275.684715
-200,200,275.745631
-200,200,275.806894
-200,200,275.86793
-200,200,275.929324
-200,200,276.153421
-200,200,276.213849
-200,200,276.275366
-200,200,276.33682
-200,200,276.398236
-200,200,276.459695
-200,200,276.521122
-200,200,276.582349
-200,200,276.644206
-200,200,276.705416
-200,200,276.928797
-200,200,276.988915
-200,200,277.050275
-200,200,277.111757
-200,200,277.173178
-200,200,277.235649
-200,200,277.296453
-200,200,277.355375
-200,200,277.415587
-200,200,277.476688
-200,200,277.537483
-200,200,277.759719
-200,200,277.82067
-200,200,277.882027
-200,200,277.943262
-200,200,278.004472
-200,200,278.065623
-200,200,278.126846
-200,200,278.188055
-200,200,278.249205
-200,200,278.310438
-200,200,278.533138
-200,200,278.593837
-200,200,278.655218
-200,200,278.716537
-200,200,278.777822
-200,200,278.839109
-200,200,278.900375
-200,200,278.961756
-200,200,279.022973
-200,200,279.084222
-200,200,279.308828
-200,200,279.369563
-200,200,279.43094
-200,200,279.492383
-200,200,279.553519
-200,200,279.614794
-200,200,279.676167
-200,200,279.737268
-200,200,279.798733
-200,200,279.859881
-200,200,280.08267
-200,200,280.141433
-200,200,280.200217
-200,200,280.260374
-200,200,280.319718
-200,200,280.380747
-200,200,280.44164
-200,200,280.502618
-200,200,280.563556
-200,200,280.624856
-200,200,280.848034
-200,200,280.908535
-200,200,280.969634
-200,200,281.030955
-200,200,281.092143
-200,200,281.152852
-200,200,281.213792
-200,200,281.275104
-200,200,281.336158
-200,200,281.397177
-200,200,281.458221
-200,200,281.681028
-200,200,281.741203
-200,200,281.80202
-200,200,281.862937
-200,200,281.923954
-200,200,281.985206
-200,200,282.045876
-200,200,282.106837
-200,200,282.167823
-200,200,282.228913
-200,200,282.45288
-200,200,282.512835
-200,200,282.573667
-200,200,282.634509
-200,200,282.695441
-200,200,282.756058
-200,200,282.816885
-200,200,282.877886
-200,200,282.938984
-200,200,282.999922
-200,200,283.222948
-200,200,283.284083
-200,200,283.345007
-200,200,283.405905
-200,200,283.466751
-200,200,283.527731
-200,200,283.588504
-200,200,283.649345
-200,200,283.710121
-200,200,283.770692
-209,200,283.993817
-200,200,284.053628
-200,200,284.114274
-200,200,284.174909
-200,200,284.235774
-200,200,284.296958
-200,200,284.357802
-200,200,284.418627
-200,200,284.479593
-200,200,284.54034
-200,200,284.601161
-200,200,284.823444
-200,200,284.883782
-200,200,284.944632
-200,200,285.005459
-200,200,285.066205
-200,200,285.127159
-200,200,285.188019
-200,200,285.248738
-200,200,285.31006
-200,200,285.37094
-200,200,285.593234
-200,200,285.653226
-200,200,285.714105
-200,200,285.774929
-200,200,285.835863
-200,200,285.896738
-200,200,285.957823
-200,200,286.018629
-200,200,286.079652
-200,200,286.140387
-200,200,286.363233
-200,200,286.422989
-200,200,286.483999
-200,200,286.544968
-200,200,286.605867
-200,200,286.66676
-200,200,286.727617
-200,200,286.788402
-200,200,286.849387
-200,200,286.910303
-200,200,287.133786
-200,200,287.195435
-200,200,287.256506
-200,200,287.31833
-200,200,287.380228
-200,200,287.442136
-200,200,287.503813
-200,200,287.565622
-200,200,287.62718
-200,200,287.688821
-200,200,287.75054
-200,200,287.974028
-200,200,288.035262
-200,200,288.096971
-200,200,288.158936
-200,200,288.220747
-200,200,288.283074
-200,200,288.344185
-200,200,288.404948
-200,200,288.466461
-200,200,288.527809
-200,200,288.751445
-200,200,288.81179
-200,200,288.872922
-200,200,288.934264
-200,200,288.99552
-200,200,289.05696
-200,200,289.118394
-200,200,289.179835
-200,200,289.241247
-200,200,289.302579
-200,200,289.526186
-200,200,289.584967
-200,200,289.646115
-200,200,289.707025
-200,200,289.767976
-200,200,289.829159
-200,200,289.890199
-200,200,289.951458
-200,200,290.012639
-200,200,290.073786
-200,200,290.297578
-200,200,290.357946
-200,200,290.419425
-200,200,290.480837
-200,200,290.542017
-200,200,290.603508
-200,200,290.664816
-200,200,290.726417
-200,200,290.787589
-200,200,290.848763
-200,200,290.910076
-200,200,291.131981
-200,200,291.192935
-200,200,291.254258
-200,200,291.315443
-200,200,291.376636
-200,200,291.437971
-200,200,291.499156
-200,200,291.560254
-200,200,291.621441
-200,200,291.682666
-200,200,291.906288
-200,200,291.966769
-200,200,292.028285
-200,200,292.089717
-200,200,292.151181
-200,200,292.212719
-200,200,292.274019
-200,200,292.335302
-200,200,292.396916
-200,200,292.45819
-200,200,292.681558
-200,200,292.741525
-200,200,292.802984
-200,200,292.864169
-200,200,292.925437
-200,200,292.986684
-200,200,293.04819
-200,200,293.109684
-200,200,293.170912
-200,200,293.232142
-200,200,293.455602
-200,200,293.515761
-200,200,293.577039
-200,200,293.638368
-200,200,293.699674
-200,200,293.761137
-200,200,293.82257
-200,200,293.883585
-200,200,293.9455
-200,200,294.007858
-200,200,294.067808
-200,200,294.290442
-200,200,294.351558
-200,200,294.412637
-200,200,294.471343
-200,200,294.530039
-200,200,294.588732
-200,200,294.649031
-200,200,294.709905
-200,200,294.770748
-200,200,294.832514
-200,200,295.05672
-200,200,295.117196
-200,200,295.178444
-200,200,295.239769
-200,200,295.30082
-200,200,295.362549
-200,200,295.423248
-200,200,295.484848
-200,200,295.546446
-200,200,295.608975
-200,200,295.838735
-200,200,295.900167
-200,200,295.959629
-200,200,296.020708
-200,200,296.082279
-200,200,296.145539
-200,200,296.206446
-200,200,296.267003
-200,200,296.328523
-200,200,296.389701
-200,200,296.615025
-200,200,296.67503
-200,200,296.736631
-200,200,296.798114
-200,200,296.857854
-200,200,296.91912
-200,200,296.980553
-200,200,297.04213
-200,200,297.104162
-200,200,297.165836
-200,200,297.227667
-200,200,297.454168
-200,200,297.515996
-200,200,297.576445
-200,200,297.638121
-200,200,297.699536
-200,200,297.760818
-200,200,297.822429
-200,200,297.883664
-200,200,297.945109
-200,200,298.006341
-200,200,298.229835
-200,200,298.290553
-200,200,298.352054
-200,200,298.413427
-200,200,298.474768
-200,200,298.536165
-200,200,298.59737
-200,200,298.658614
-200,200,298.719566
-200,200,298.780783
-200,200,299.006423
-200,200,299.066651
-200,200,299.128605
-200,200,299.189927
-200,200,299.250986
-200,200,299.312489
-200,200,299.373905
-200,200,299.435175
-200,200,299.496202
-200,200,299.557409
-200,200,299.781281
-200,200,299.841468
-200,200,299.902762
-200,200,299.963905
-200,200,300.025739
-200,200,300.087258
-200,200,300.148147
-200,200,300.209294
-200,200,300.268935
-200,200,300.32888
-200,200,300.551424
-200,200,300.612401
-200,200,300.674239
-200,200,300.735578
-200,200,300.797067
-200,200,300.858757
-200,200,300.920067
-200,200,300.981516
-200,200,301.043084
-200,200,301.104583
-200,200,301.166129
-200,200,301.389778
-200,200,301.450771
-200,200,301.512273
-200,200,301.574077
-200,200,301.635575
-200,200,301.697297
-200,200,301.758938
-200,200,301.82057
-200,200,301.882098
-200,200,301.943708
-200,200,302.1672
-200,200,302.227617
-200,200,302.288915
-200,200,302.350137
-200,200,302.411196
-200,200,302.472538
-200,200,302.534126
-200,200,302.5953
-200,200,302.657072
-200,200,302.718391
-200,200,302.941642
-200,200,303.003192
-200,200,303.064677
-200,200,303.126128
-200,200,303.187657
-200,200,303.249045
-200,200,303.310667
-200,200,303.372083
-200,200,303.433568
-200,200,303.495038
-200,200,303.718245
-200,200,303.778466
-200,200,303.839899
-200,200,303.901378
-200,200,303.962736
-200,200,304.024127
-200,200,304.085644
-200,200,304.147638
-200,200,304.209186
-200,200,304.270905
-200,200,304.332012
-200,200,304.555103
-200,200,304.616714
-200,200,304.678605
-200,200,304.740356
-200,200,304.802106
-200,200,304.862504
-200,200,304.924135
-200,200,304.985798
-200,200,305.047219
-200,200,305.10859
-200,200,305.333462
-200,200,305.39439
-200,200,305.456253
-200,200,305.51786
-200,200,305.579609
-200,200,305.640962
-200,200,305.702502
-200,200,305.764016
-200,200,305.825564
-200,200,305.887137
-200,200,306.111701
-200,200,306.172679
-200,200,306.234234
-200,200,306.295902
-200,200,306.357398
-200,200,306.419119
-200,200,306.480626
-200,200,306.542214
-200,200,306.603617
-200,200,306.665077
-200,200,306.888178
-200,200,306.948336
-200,200,307.009458
-200,200,307.069956
-200,200,307.130795
-200,200,307.191769
-200,200,307.252039
-200,200,307.313591
-200,200,307.375077
-200,200,307.436489
-200,200,307.496769
-200,200,307.720287
-200,200,307.781376
-200,200,307.842894
-200,200,307.904169
-200,200,307.965439
-200,200,308.026869
-200,200,308.088193
-200,200,308.149671
-200,200,308.211082
-200,200,308.273671
-200,200,308.496847
-200,200,308.557561
-200,200,308.618413
-200,200,308.679144
-200,200,308.740438
-200,200,308.801738
-200,200,308.862689
-200,200,308.923854
-200,200,308.984969
-200,200,309.046193
-200,200,309.269754
-200,200,309.33051
-200,200,309.391689
-200,200,309.453189
-200,200,309.514706
-200,200,309.576043
-200,200,309.637464
-200,200,309.698596
-200,200,309.759892
-200,200,309.821082
-200,200,310.044523
-200,200,310.101043
-200,200,310.162346
-200,200,310.223484
-200,200,310.284338
-200,200,310.345599
-200,200,310.406174
-200,200,310.467214
-200,200,310.527945
-200,200,310.589134
-200,200,310.650135
-200,200,310.872336
-200,200,310.93305
-200,200,310.993746
-200,200,311.054821
-200,200,311.115987
-200,200,311.177257
-200,200,311.238896
-200,200,311.299994
-200,200,311.361842
-200,200,311.423103
-200,200,311.646065
-200,200,311.70663
-200,200,311.768178
-200,200,311.829648
-200,200,311.890987
-200,200,311.952385
-200,200,312.013799
-200,200,312.075243
-200,200,312.136678
-200,200,312.198095
-200,200,312.421409
-200,200,312.48222
-200,200,312.543582
-200,200,312.604856
-200,200,312.664916
-200,200,312.724166
-200,200,312.785509
-200,200,312.845853
-200,200,312.906804
-200,200,312.966677
-200,200,313.188058
-200,200,313.248146
-200,200,313.309265
-200,200,313.370233
-200,200,313.431556
-200,200,313.49255
-200,200,313.553767
-200,200,313.61472
-200,200,313.675893
-200,200,313.736797
-200,200,313.798005
-200,200,314.020763
-200,200,314.081829
-200,200,314.143341
-200,200,314.204851
-200,200,314.265009
-200,200,314.326355
-200,200,314.387677
-200,200,314.448984
-200,200,314.510558
-200,200,314.57198
-200,200,314.795109
-200,200,314.854984
-200,200,314.91618
-200,200,314.977287
-200,200,315.038382
-200,200,315.0997
-200,200,315.160826
-200,200,315.22301
-200,200,315.284163
-200,200,315.345042
-200,200,315.568735
-200,200,315.628284
-200,200,315.689122
-200,200,315.749753
-200,200,315.810565
-200,200,315.871554
-200,200,315.932075
-200,200,315.992766
-200,200,316.053125
-200,200,316.113885
-200,200,316.336495
-200,200,316.39632
-200,200,316.457337
-200,200,316.517941
-200,200,316.578854
-200,200,316.639339
-200,200,316.70012
-200,200,316.761017
-200,200,316.821723
-200,200,316.882489
-200,200,316.94329
-200,200,317.165018
-200,200,317.225822
-200,200,317.286836
-200,200,317.347779
-200,200,317.408754
-200,200,317.469755
-200,200,317.530561
-200,200,317.591308
-200,200,317.651788
-200,200,317.712581
-200,200,317.934781
-200,200,317.995163
-200,200,318.056091
-200,200,318.116711
-200,200,318.177564
-200,200,318.23859
-200,200,318.299444
-200,200,318.360393
-200,200,318.421305
-200,200,318.482146
-200,200,318.704412
-200,200,318.76439
-200,200,318.825327
-200,200,318.886218
-200,200,318.947195
-200,200,319.008411
-200,200,319.069364
-200,200,319.13029
-200,200,319.19127
-200,200,319.253143
-200,200,319.477453
-200,200,319.537831
-200,200,319.599306
-200,200,319.660623
-200,200,319.721545
-200,200,319.782739
-200,200,319.843451
-200,200,319.904342
-200,200,319.965796
-200,200,320.026807
-200,200,320.248714
-200,200,320.309618
-200,200,320.370826
-200,200,320.432219
-200,200,320.493356
-200,200,320.554245
-200,200,320.61544
-200,200,320.676543
-200,200,320.737954
-200,200,320.79903
-200,200,320.859972
-200,200,321.082116
-200,200,321.14213
-200,200,321.203043
-200,200,321.264352
-200,200,321.325337
-200,200,321.386258
-200,200,321.447067
-200,200,321.507998
-200,200,321.568918
-200,200,321.62974
-200,200,321.852224
-200,200,321.912534
-200,200,321.973733
-200,200,322.034625
-200,200,322.095926
-200,200,322.157122
-200,200,322.218288
-200,200,322.279527
-200,200,322.340694
-200,200,322.40177
-200,200,322.624734
-200,200,322.684062
-200,200,322.744797
-200,200,322.805744
-200,200,322.866986
-200,200,322.927982
-200,200,322.98912
-200,200,323.050172
-200,200,323.111234
-200,200,323.172356
-200,200,323.395961
-200,200,323.456348
-200,200,323.517398
-200,200,323.578667
-200,200,323.639716
-200,200,323.700868
-200,200,323.762053
-200,200,323.8233
-200,200,323.88439
-200,200,323.945508
-200,200,324.006638
-200,200,324.22978
-200,200,324.290167
-200,200,324.351178
-200,200,324.412085
-200,200,324.472983
-200,200,324.533605
-200,200,324.594405
-200,200,324.654875
-200,200,324.716055
-200,200,324.776878
-200,200,324.999264
-200,200,325.059579
-200,200,325.120733
-200,200,325.181922
-200,200,325.243089
-200,200,325.304416
-200,200,325.36545
-200,200,325.426739
-200,200,325.487793
-200,200,325.548795
-200,200,325.771546
-200,200,325.831489
-200,200,325.892527
-200,200,325.953629
-200,200,326.014525
-200,200,326.075559
-200,200,326.136517
-200,200,326.197408
-200,200,326.258424
-200,200,326.319514
-200,200,326.542615
-200,200,326.603156
-200,200,326.664134
-200,200,326.725447
-200,200,326.786643
-200,200,326.847987
-200,200,326.909105
-200,200,326.970163
-200,200,327.031468
-200,200,327.092598
-200,200,327.153765
-200,200,327.37615
-200,200,327.43685
-200,200,327.497917
-200,200,327.558985
-200,200,327.619804
-200,200,327.680854
-200,200,327.741869
-200,200,327.802853
-200,200,327.863863
-200,200,327.924889
-200,200,328.148138
-200,200,328.208515
-200,200,328.269815
-200,200,328.3311
-200,200,328.392324
-200,200,328.453732
-200,200,328.514899
-200,200,328.576081
-200,200,328.637706
-200,200,328.699059
-200,200,328.922348
-200,200,328.98284
-200,200,329.044219
-200,200,329.105481
-200,200,329.166813
-200,200,329.228167
-200,200,329.289431
-200,200,329.350635
-200,200,329.411737
-200,200,329.472825
-200,200,329.695928
-200,200,329.755645
-200,200,329.816883
-200,200,329.878182
-200,200,329.939256
-200,200,330.00052
-200,200,330.061702
-200,200,330.122836
-200,200,330.184057
-200,200,330.245273
-200,200,330.306518
-200,200,330.529671
-200,200,330.590578
-200,200,330.652204
-200,200,330.713603
-200,200,330.774864
-200,200,330.836143
-200,200,330.897329
-200,200,330.958564
-200,200,331.01993
-200,200,331.081226
-200,200,331.304773
-200,200,331.36537
-200,200,331.426922
-200,200,331.488288
-200,200,331.548733
-200,200,331.609259
-200,200,331.670776
-200,200,331.732275
-200,200,331.793566
-200,200,331.855073
-200,200,332.078433
-200,200,332.138511
-200,200,332.199915
-200,200,332.261458
-200,200,332.322776
-200,200,332.384167
-200,200,332.445681
-200,200,332.506834
-200,200,332.568154
-200,200,332.629639
-200,200,332.853063
-200,200,332.912913
-200,200,332.974371
-200,200,333.035663
-200,200,333.097051
-200,200,333.158456
-200,200,333.219538
-200,200,333.281154
-200,200,333.342445
-200,200,333.403772
-200,200,333.465083
-200,200,333.687397
-200,200,333.747736
-200,200,333.8089
-200,200,333.869785
-200,200,333.930424
-200,200,333.991323
-200,200,334.052088
-200,200,334.112768
-200,200,334.173525
-200,200,334.234727
-200,200,334.457309
-200,200,334.517384
-200,200,334.578475
-200,200,334.639562
-200,200,334.700334
-200,200,334.761422
-200,200,334.822313
-200,200,334.882982
-200,200,334.943969
-200,200,335.004964
-200,200,335.227795
-200,200,335.287589
-200,200,335.34826
-200,200,335.410091
-200,200,335.47147
-200,200,335.532902
-200,200,335.594227
-200,200,335.655446
-200,200,335.714314
-200,200,335.773691
-200,200,335.996809
-200,200,336.056395
-200,200,336.117147
-200,200,336.178174
-200,200,336.239457
-200,200,336.301109
-200,200,336.362851
-200,200,336.422134
-200,200,336.483686
-200,200,336.544582
-200,200,336.605217
-200,200,336.826394
-200,200,336.887708
-200,200,336.948849
-200,200,337.009684
-200,200,337.070479
-200,200,337.131589
-200,200,337.192535
-200,200,337.253778
-200,200,337.313249
-200,200,337.372763
-200,200,337.594643
-200,200,337.655125
-200,200,337.715676
-200,200,337.776712
-200,200,337.837233
-200,200,337.897359
-200,200,337.958306
-200,200,338.019008
-200,200,338.080119
-200,200,338.140781
-200,200,338.363967
-200,200,338.424007
-200,200,338.484893
-200,200,338.545671
-200,200,338.606549
-200,200,338.667571
-200,200,338.728379
-200,200,338.788887
-200,200,338.849762
-200,200,338.910311
-200,200,339.133541
-200,200,339.193677
-200,200,339.255142
-200,200,339.31663
-200,200,339.377968
-200,200,339.439244
-200,200,339.500506
-200,200,339.561822
-200,200,339.623106
-200,200,339.684238
-200,200,339.906447
-200,200,339.967048
-200,200,340.027647
-200,200,340.088782
-200,200,340.149426
-200,200,340.210236
-200,200,340.271292
-200,200,340.332149
-200,200,340.392884
-200,200,340.453665
-200,200,340.514611
-200,200,340.736857
-200,200,340.797287
-200,200,340.858313
-200,200,340.919193
-200,200,340.980089
-200,200,341.041133
-200,200,341.102278
-200,200,341.163498
-200,200,341.224572
-200,200,341.285445
-200,200,341.507749
-200,200,341.567789
-200,200,341.6282
-200,200,341.68902
-200,200,341.749496
-200,200,341.810373
-200,200,341.871162
-200,200,341.931818
-200,200,341.992462
-200,200,342.053113
-200,200,342.277076
-200,200,342.336569
-200,200,342.397925
-200,200,342.45935
-200,200,342.520835
-200,200,342.582275
-200,200,342.643578
-200,200,342.705072
-200,200,342.766072
-200,200,342.827503
-200,200,343.05048
-200,200,343.11047
-200,200,343.171211
-200,200,343.232428
-200,200,343.291378
-200,200,343.350115
-200,200,343.408637
-200,200,343.467213
-200,200,343.527438
-200,200,343.588161
-200,200,343.648734
-200,200,343.871511
-200,200,343.93224
-200,200,343.993434
-200,200,344.054626
-200,200,344.115643
-200,200,344.176607
-200,200,344.237296
-200,200,344.2983
-200,200,344.359175
-200,200,344.420206
-200,200,344.642594
-200,200,344.702227
-200,200,344.76285
-200,200,344.823769
-200,200,344.893528
-200,200,344.957499
-200,200,345.018051
-200,200,345.079206
-200,200,345.139876
-200,200,345.201032
-200,200,345.425106
-200,200,345.485343
-200,200,345.546753
-200,200,345.607914
-200,200,345.669098
-200,200,345.730009
-200,200,345.791292
-200,200,345.852432
-200,200,345.914429
-200,200,345.975946
-200,200,346.199181
-200,200,346.259158
-200,200,346.320814
-200,200,346.382353
-200,200,346.443736
-200,200,346.505224
-200,200,346.566648
-200,200,346.627865
-200,200,346.689107
-200,200,346.750356
-200,200,346.811873
-200,200,347.035358
-200,200,347.096447
-200,200,347.158122
-200,200,347.21971
-200,200,347.281666
-200,200,347.34341
-200,200,347.405207
-200,200,347.466621
-200,200,347.528234
-200,200,347.589569
-200,200,347.813514
-200,200,347.874792
-200,200,347.936571
-200,200,347.998361
-200,200,348.060093
-200,200,348.121745
-200,200,348.183337
-200,200,348.244939
-200,200,348.306692
-200,200,348.368409
-200,200,348.592971
-200,200,348.653539
-200,200,348.714814
-200,200,348.776288
-200,200,348.837817
-200,200,348.899355
-200,200,348.960745
-200,200,349.021994
-200,200,349.083547
-200,200,349.144902
-200,200,349.370064
-200,200,349.430321
-200,200,349.491921
-200,200,349.553615
-200,200,349.615035
-200,200,349.676431
-200,200,349.73767
-200,200,349.798902
-200,200,349.860144
-200,200,349.92139
-200,200,349.982666
-200,200,350.205354
-200,200,350.26634
-200,200,350.327924
-200,200,350.389366
-200,200,350.450707
-200,200,350.512175
-200,200,350.573565
-200,200,350.634897
-200,200,350.69622
-200,200,350.757296
-200,200,350.980481
-200,200,351.041203
-200,200,351.102371
-200,200,351.163535
-200,200,351.224662
-200,200,351.287151
-200,200,351.348467
-200,200,351.410187
-200,200,351.471475
-200,200,351.532702
-200,200,351.756372
-200,200,351.816447
-200,200,351.877872
-200,200,351.939183
-200,200,352.000147
-200,200,352.061327
-200,200,352.122725
-200,200,352.184354
-200,200,352.245831
-200,200,352.307084
-200,200,352.530408
-200,200,352.591148
-200,200,352.652949
-200,200,352.71424
-200,200,352.775806
-200,200,352.837547
-200,200,352.899175
-200,200,352.960865
-200,200,353.022545
-200,200,353.084124
-200,200,353.145578
-200,200,353.368672
-200,200,353.42999
-200,200,353.49144
-200,200,353.553157
-200,200,353.614587
-200,200,353.676237
-200,200,353.737469
-200,200,353.798955
-200,200,353.859101
-200,200,353.919244
-200,200,354.141855
-200,200,354.201964
-200,200,354.262878
-200,200,354.323804
-200,200,354.384625
-200,200,354.445544
-200,200,354.506647
-200,200,354.56742
-200,200,354.628614
-200,200,354.68945
-200,200,354.912918
-200,200,354.97276
-200,200,355.034024
-200,200,355.095123
-200,200,355.156181
-200,200,355.217128
-200,200,355.277709
-200,200,355.338767
-200,200,355.400569
-200,200,355.462202
-200,200,355.685998
-200,200,355.746348
-200,200,355.807694
-200,200,355.869323
-200,200,355.9306
-200,200,355.991942
-200,200,356.053243
-200,200,356.111277
-200,200,356.172514
-200,200,356.233922
-200,200,356.295334
-200,200,356.519072
-200,200,356.580414
-200,200,356.642221
-200,200,356.703772
-200,200,356.765316
-200,200,356.826969
-200,200,356.888873
-200,200,356.950797
-200,200,357.013978
-200,200,357.075704
-200,200,357.299139
-200,200,357.36005
-200,200,357.421383
-200,200,357.482665
-200,200,357.544197
-200,200,357.605348
-200,200,357.664791
-200,200,357.72565
-200,200,357.78684
-200,200,357.848248
-200,200,358.071441
-200,200,358.131593
-200,200,358.192908
-200,200,358.254352
-200,200,358.315637
-200,200,358.376839
-200,200,358.437999
-200,200,358.499335
-200,200,358.560392
-200,200,358.622007
-200,200,358.845466
-200,200,358.905109
-200,200,358.966169
-200,200,359.026253
-200,200,359.085294
-200,200,359.144068
-200,200,359.202818
-200,200,359.263811
-200,200,359.324903
-200,200,359.385914
-200,200,359.609218
-200,200,359.669687
-200,200,359.730613
-200,200,359.791991
-200,200,359.853097
-200,200,359.914191
-200,200,359.975121
-200,200,360.035682
-200,200,360.096436
-200,200,360.157142
-200,200,360.218053
-200,200,360.441042
-200,200,360.501261
-200,200,360.562011
-200,200,360.62273
-200,200,360.683172
-200,200,360.743881
-200,200,360.804574
-200,200,360.865262
-200,200,360.925971
-200,200,360.986783
-200,200,361.209837
-200,200,361.270125
-200,200,361.330201
-200,200,361.389227
-200,200,361.448643
-200,200,361.509745
-200,200,361.570978
-200,200,361.632176
-200,200,361.693574
-200,200,361.754916
-200,200,361.978121
-200,200,362.038232
-200,200,362.099498
-200,200,362.160397
-200,200,362.221728
-200,200,362.282988
-200,200,362.3442
-200,200,362.405547
-200,200,362.466833
-200,200,362.527914
-200,200,362.751185
-200,200,362.81169
-200,200,362.872877
-200,200,362.934137
-200,200,362.995316
-200,200,363.056789
-200,200,363.118094
-200,200,363.179331
-200,200,363.241206
-200,200,363.302661
-200,200,363.364115
-200,200,363.58657
-200,200,363.647217
-200,200,363.708701
-200,200,363.770055
-200,200,363.831389
-200,200,363.892756
-200,200,363.953996
-200,200,364.01526
-200,200,364.076526
-200,200,364.13792
-200,200,364.360651
-200,200,364.421108
-200,200,364.482726
-200,200,364.543983
-200,200,364.605209
-200,200,364.666651
-200,200,364.728204
-200,200,364.789403
-200,200,364.850562
-200,200,364.910007
-200,200,365.132514
-200,200,365.19298
-200,200,365.254702
-200,200,365.316504
-200,200,365.378233
-200,200,365.44018
-200,200,365.502056
-200,200,365.563449
-200,200,365.625367
-200,200,365.686864
-200,200,365.910835
-200,200,365.971735
-200,200,366.033267
-200,200,366.094821
-200,200,366.156378
-200,200,366.21794
-200,200,366.279564
-200,200,366.340535
-200,200,366.401993
-200,200,366.46348
-200,200,366.524897
-200,200,366.747319
-200,200,366.808288
-200,200,366.86976
-200,200,366.9312
-200,200,366.992604
-200,200,367.053963
-200,200,367.115309
-200,200,367.176516
-200,200,367.237948
-200,200,367.299168
-200,200,367.524077
-200,200,367.584139
-200,200,367.644825
-200,200,367.705564
-200,200,367.766504
-200,200,367.827615
-200,200,367.88852
-200,200,367.949498
-200,200,368.010501
-200,200,368.07132
-200,200,368.294754
-200,200,368.354999
-200,200,368.414823
-200,200,368.473824
-200,200,368.543317
-200,200,368.604928
-200,200,368.666984
-200,200,368.72834
-200,200,368.789451
-200,200,368.850857
-200,200,369.074254
-200,200,369.134598
-200,200,369.195896
-200,200,369.257165
-200,200,369.31871
-200,200,369.380177
-200,200,369.441303
-200,200,369.502279
-200,200,369.563374
-200,200,369.624603
-200,200,369.685963
-200,200,369.908548
-200,200,369.969592
-200,200,370.031001
-200,200,370.092444
-200,200,370.153578
-200,200,370.215051
-200,200,370.276579
-200,200,370.337963
-200,200,370.399084
-200,200,370.460571
-200,200,370.683994
-200,200,370.745063
-200,200,370.806834
-200,200,370.868402
-200,200,370.929904
-200,200,370.991465
-200,200,371.053567
-200,200,371.115167
-200,200,371.176827
-200,200,371.238443
-200,200,371.462667
-200,200,371.523109
-200,200,371.584597
-200,200,371.645738
-200,200,371.707067
-200,200,371.768435
-200,200,371.829851
-200,200,371.891096
-200,200,371.952924
-200,200,372.014536
-200,200,372.238176
-200,200,372.298326
-200,200,372.360102
-200,200,372.421871
-200,200,372.483478
-200,200,372.545188
-200,200,372.606842
-200,200,372.668252
-200,200,372.729828
-200,200,372.79204
-200,200,372.85312
-200,200,373.077608
-200,200,373.136749
-200,200,373.195643
-200,200,373.255039
-200,200,373.316241
-200,200,373.377419
-200,200,373.438591
-200,200,373.499572
-200,200,373.560975
-200,200,373.622061
-200,200,373.845338
-200,200,373.906152
-200,200,373.967565
-200,200,374.029137
-200,200,374.090658
-200,200,374.152121
-200,200,374.213713
-200,200,374.275159
-200,200,374.336612
-200,200,374.39799
-200,200,374.622121
-200,200,374.682091
-200,200,374.743228
-200,200,374.804364
-200,200,374.865617
-200,200,374.926934
-200,200,374.987956
-200,200,375.049244
-200,200,375.110419
-200,200,375.171693
-200,200,375.395485
-200,200,375.455713
-200,200,375.516909
-200,200,375.578354
-200,200,375.63965
-200,200,375.701071
-200,200,375.762486
-200,200,375.823812
-200,200,375.884891
-200,200,375.946159
-200,200,376.007366
-200,200,376.229487
-200,200,376.290661
-200,200,376.351738
-200,200,376.412882
-200,200,376.473952
-200,200,376.534913
-200,200,376.59614
-200,200,376.657096
-200,200,376.718103
-200,200,376.778819
-200,200,377.001364
-200,200,377.061688
-200,200,377.122717
-200,200,377.183802
-200,200,377.244827
-200,200,377.306212
-200,200,377.367388
-200,200,377.428438
-200,200,377.489363
-200,200,377.550436
-200,200,377.77341
-200,200,377.833564
-200,200,377.89447
-200,200,377.955371
-200,200,378.016306
-200,200,378.077325
-200,200,378.138334
-200,200,378.199216
-200,200,378.26017
-200,200,378.321185
-200,200,378.544516
-200,200,378.604426
-200,200,378.665775
-200,200,378.727058
-200,200,378.788185
-200,200,378.849586
-200,200,378.910624
-200,200,378.971875
-200,200,379.032956
-200,200,379.094107
-200,200,379.317413
-200,200,379.378056
-200,200,379.439143
-200,200,379.500385
-200,200,379.561469
-200,200,379.622514
-200,200,379.683538
-200,200,379.744536
-200,200,379.805587
-200,200,379.866569
-200,200,379.927559
-200,200,380.149909
-200,200,380.210312
-200,200,380.271512
-200,200,380.332541
-200,200,380.393497
-200,200,380.454657
-200,200,380.516589
-200,200,380.585895
-200,200,380.653384
-200,200,380.714427
-200,200,380.937171
-200,200,380.997102
-200,200,381.058476
-200,200,381.119462
-200,200,381.180031
-200,200,381.240701
-200,200,381.301644
-200,200,381.362298
-200,200,381.423098
-200,200,381.483905
-200,200,381.706966
-200,200,381.7671
-200,200,381.828293
-200,200,381.889343
-200,200,381.950238
-200,200,382.010924
-200,200,382.071885
-200,200,382.132627
-200,200,382.193444
-200,200,382.25513
-200,200,382.478194
-200,200,382.538481
-200,200,382.59967
-200,200,382.661114
-200,200,382.722493
-200,200,382.783723
-200,200,382.844974
-200,200,382.906189
-200,200,382.967291
-200,200,383.028486
-200,200,383.089985
-200,200,383.313196
-200,200,383.37423
-200,200,383.435969
-200,200,383.497314
-200,200,383.558727
-200,200,383.619934
-200,200,383.681108
-200,200,383.74239
-200,200,383.803557
-200,200,383.864796
-200,200,384.087423
-200,200,384.147382
-200,200,384.208498
-200,200,384.269804
-200,200,384.330913
-200,200,384.392069
-200,200,384.453177
-200,200,384.514095
-200,200,384.574901
-200,200,384.635716
