# {"t_start": 1553044375.4330406, "env_id": "Acrobot-v1"} 
r,l,t
-500.0,500,1.923495
-500.0,500,2.504058
-500.0,500,3.082601
-500.0,500,3.705494
-500.0,500,4.515635
-500.0,500,5.072974
-500.0,500,5.497452
-500.0,500,5.859473
-500.0,500,6.309803
-500.0,500,6.661435
-500.0,500,7.010015
-500.0,500,7.368822
-500.0,500,7.805304
-500.0,500,8.150922
-500.0,500,8.495474
-500.0,500,8.840386
-500.0,500,9.257572
-500.0,500,9.565989
-500.0,500,9.867567
-500.0,500,10.166537
-500.0,500,10.553189
-500.0,500,10.865432
-500.0,500,11.165802
-500.0,500,11.470165
-500.0,500,11.850125
-500.0,500,12.159504
-500.0,500,12.460649
-500.0,500,12.766968
-500.0,500,13.157615
-500.0,500,13.509738
-500.0,500,13.860398
-500.0,500,14.220738
-500.0,500,14.652324
-500.0,500,15.005083
-500.0,500,15.36016
-500.0,500,15.705007
-500.0,500,16.154809
-500.0,500,16.50088
-500.0,500,16.845214
-500.0,500,17.248781
-500.0,500,18.151756
-500.0,500,18.88851
-500.0,500,19.660768
-438.0,439,20.305036
-500.0,500,21.059433
-500.0,500,21.778992
-500.0,500,22.372018
-500.0,500,22.925503
-500.0,500,23.508748
-500.0,500,24.187467
-500.0,500,24.754033
-500.0,500,25.254236
-500.0,500,25.620249
-500.0,500,26.070927
-500.0,500,26.422667
-500.0,500,26.771835
-500.0,500,27.121733
-419.0,420,27.5015
-465.0,466,27.8258
-500.0,500,28.198773
-383.0,384,28.466538
-500.0,500,28.814194
-500.0,500,29.244963
-394.0,395,29.513147
-500.0,500,29.833806
-500.0,500,30.150738
-453.0,454,30.522729
-500.0,500,30.810233
-500.0,500,31.117352
-500.0,500,31.422938
-498.0,499,31.803125
-496.0,497,32.102548
-500.0,500,32.411796
-500.0,500,32.699609
-325.0,326,32.968418
-500.0,500,33.311293
-500.0,500,33.659399
-500.0,500,34.003064
-500.0,500,34.356199
-333.0,334,34.700074
-500.0,500,35.054353
-500.0,500,35.42257
-500.0,500,35.771046
-500.0,500,36.191355
-500.0,500,36.534161
-500.0,500,36.884226
-500.0,500,37.212565
-500.0,500,37.593178
-500.0,500,37.905184
-500.0,500,38.209011
-500.0,500,38.506921
-500.0,500,38.895692
-500.0,500,39.202735
-500.0,500,39.505376
-500.0,500,39.81746
-500.0,500,40.217906
-500.0,500,40.523648
-500.0,500,40.826853
-376.0,377,41.054563
-500.0,500,41.377531
-500.0,500,41.819904
-500.0,500,42.191149
-450.0,451,42.501487
-500.0,500,42.85158
-500.0,500,43.288894
-386.0,387,43.567024
-500.0,500,43.932003
-500.0,500,44.276936
-481.0,482,44.721224
-500.0,500,45.083224
-500.0,500,45.695175
-500.0,500,46.430242
-500.0,500,47.317969
-500.0,500,48.037375
-500.0,500,48.754231
-500.0,500,49.418856
-326.0,327,49.785354
-500.0,500,50.499455
-500.0,500,51.06795
-500.0,500,51.657297
-500.0,500,52.247669
-500.0,500,52.941464
-500.0,500,53.389207
-500.0,500,53.757908
-500.0,500,54.119003
-500.0,500,54.557104
-500.0,500,54.909434
-500.0,500,55.26346
-500.0,500,55.603049
-500.0,500,56.039565
-500.0,500,56.381633
-500.0,500,56.731412
-500.0,500,57.070442
-500.0,500,57.437118
-500.0,500,57.729122
-500.0,500,58.032064
-500.0,500,58.333664
-500.0,500,58.721812
-500.0,500,59.037683
-500.0,500,59.340452
-500.0,500,59.648842
-500.0,500,60.032293
-500.0,500,60.346214
-500.0,500,60.645127
-500.0,500,60.949814
-500.0,500,61.347579
-500.0,500,61.703228
-500.0,500,62.058429
-500.0,500,62.433521
-500.0,500,62.866053
-500.0,500,63.21308
-500.0,500,63.554437
-500.0,500,63.891587
-500.0,500,64.261287
-500.0,500,64.697935
-500.0,500,65.036604
-500.0,500,65.351093
-500.0,500,65.655383
-500.0,500,66.052712
-500.0,500,66.357578
-500.0,500,66.663048
-500.0,500,66.985338
-500.0,500,67.368603
-500.0,500,67.665337
-500.0,500,68.02238
-500.0,500,68.357703
-500.0,500,68.743984
-500.0,500,69.05001
-500.0,500,69.403751
-500.0,500,69.733272
-500.0,500,70.179762
-500.0,500,70.524759
-500.0,500,70.875785
-500.0,500,71.22225
-500.0,500,71.660997
-500.0,500,72.034358
-500.0,500,72.379842
-500.0,500,72.722743
-500.0,500,73.178387
-500.0,500,73.853002
-500.0,500,74.587432
-500.0,500,75.287502
-500.0,500,76.133145
-500.0,500,76.865268
-500.0,500,77.512215
-500.0,500,78.053805
-500.0,500,78.763815
-500.0,500,79.346513
-500.0,500,79.950816
-500.0,500,80.51942
-500.0,500,81.215696
-500.0,500,81.569201
-500.0,500,81.921392
-500.0,500,82.270606
-500.0,500,82.616174
-500.0,500,83.046716
-500.0,500,83.400755
-500.0,500,83.757152
-500.0,500,84.112807
-500.0,500,84.539276
-500.0,500,84.918091
-500.0,500,85.375473
-500.0,500,85.928833
-500.0,500,86.631355
-500.0,500,87.192092
-500.0,500,87.751052
-500.0,500,88.31242
-500.0,500,89.064212
-500.0,500,89.454206
-500.0,500,89.799187
-500.0,500,90.178271
-500.0,500,90.607381
-500.0,500,90.957802
-500.0,500,91.318909
-500.0,500,91.660405
-500.0,500,92.101984
-500.0,500,92.455288
-500.0,500,92.857214
-500.0,500,93.237801
-500.0,500,93.96566
-500.0,500,94.512002
-500.0,500,95.075469
-500.0,500,95.656991
-500.0,500,96.385605
-500.0,500,96.968913
-500.0,500,97.385483
-500.0,500,97.724101
-500.0,500,98.172878
-500.0,500,98.539478
-500.0,500,98.893257
-500.0,500,99.244778
-500.0,500,99.659337
-500.0,500,100.017598
-500.0,500,100.378812
-500.0,500,100.724279
-500.0,500,101.153562
-500.0,500,101.474519
-500.0,500,101.799969
-500.0,500,102.096789
-500.0,500,102.389191
-500.0,500,102.747213
-500.0,500,103.046426
-500.0,500,103.352698
-500.0,500,103.656659
-500.0,500,104.043266
-500.0,500,104.338933
-500.0,500,104.636927
-500.0,500,104.938836
-500.0,500,105.317894
-500.0,500,105.661432
-500.0,500,106.052201
-500.0,500,106.392199
-500.0,500,106.844327
-500.0,500,107.211491
-500.0,500,107.598846
-500.0,500,107.942619
-500.0,500,108.39644
-500.0,500,108.737449
-500.0,500,109.133901
-500.0,500,109.789124
-500.0,500,110.703472
-500.0,500,111.435565
-500.0,500,112.169523
-500.0,500,112.953717
-500.0,500,113.729648
-500.0,500,114.291451
-500.0,500,114.89697
-500.0,500,115.494978
-500.0,500,116.206377
-500.0,500,116.76647
-500.0,500,117.28034
-500.0,500,117.668149
-500.0,500,118.101616
-500.0,500,118.448722
-500.0,500,118.816729
-500.0,500,119.164469
-500.0,500,119.601471
-500.0,500,119.953896
-500.0,500,120.307458
-500.0,500,120.65498
-500.0,500,120.995657
-500.0,500,121.387736
-500.0,500,121.69792
-500.0,500,122.005225
-500.0,500,122.330829
-500.0,500,122.700618
-500.0,500,123.000797
-500.0,500,123.296231
-500.0,500,123.605081
-500.0,500,123.978322
-500.0,500,124.287488
-500.0,500,124.585131
-500.0,500,124.906148
-500.0,500,125.298054
-500.0,500,125.64674
-500.0,500,126.002258
-500.0,500,126.354882
-500.0,500,126.789758
-500.0,500,127.129576
-500.0,500,127.476937
-500.0,500,127.828037
-500.0,500,128.311172
-500.0,500,128.666239
-500.0,500,129.027857
-500.0,500,129.35123
-500.0,500,129.733667
-500.0,500,130.053848
-500.0,500,130.356538
-500.0,500,130.800269
-500.0,500,131.181531
-500.0,500,131.470404
-500.0,500,131.75547
-500.0,500,132.069787
-500.0,500,132.448497
-500.0,500,132.753931
-500.0,500,133.068933
-500.0,500,133.427285
-500.0,500,133.847254
-500.0,500,134.192725
-500.0,500,134.531342
-500.0,500,134.888006
-500.0,500,135.236038
-500.0,500,135.671199
-500.0,500,136.026661
-500.0,500,136.380434
-500.0,500,136.748227
-500.0,500,137.1763
-500.0,500,137.737757
-500.0,500,138.431061
-500.0,500,139.163069
-500.0,500,140.079891
-500.0,500,140.817923
-500.0,500,141.48694
-500.0,500,142.101391
-500.0,500,142.817235
-500.0,500,143.407087
-500.0,500,144.005162
-500.0,500,144.572574
-500.0,500,145.245157
-500.0,500,145.615808
-500.0,500,146.006231
-500.0,500,146.379079
-500.0,500,146.787287
-500.0,500,147.122713
-500.0,500,147.488802
-500.0,500,147.842094
-500.0,500,148.282726
-500.0,500,148.629601
-500.0,500,148.993939
-500.0,500,149.333946
-500.0,500,149.726423
-500.0,500,150.032319
-500.0,500,150.348296
-500.0,500,150.65262
-500.0,500,151.033374
-500.0,500,151.341004
-500.0,500,151.648002
-500.0,500,151.949463
-500.0,500,152.368604
-500.0,500,152.673617
-500.0,500,152.97577
-500.0,500,153.275141
-500.0,500,153.703708
-500.0,500,154.065561
-500.0,500,154.409938
-500.0,500,154.777514
-500.0,500,155.155899
-500.0,500,155.586742
-500.0,500,155.959177
-500.0,500,156.307948
-500.0,500,156.665221
-500.0,500,157.123622
-500.0,500,157.712751
-500.0,500,158.437784
-500.0,500,159.171993
-500.0,500,160.051253
-500.0,500,160.788675
-500.0,500,161.464469
-500.0,500,162.014547
-500.0,500,162.731521
-500.0,500,163.297575
-500.0,500,163.857365
-500.0,500,164.445183
-500.0,500,165.180042
-500.0,500,165.595851
-500.0,500,165.969546
-500.0,500,166.355431
-500.0,500,166.876866
-500.0,500,167.232268
-500.0,500,167.60472
-500.0,500,167.967186
-500.0,500,168.395312
-500.0,500,168.747961
-500.0,500,169.083719
-500.0,500,169.478682
-500.0,500,169.883547
-500.0,500,170.194845
-500.0,500,170.500299
-500.0,500,170.795593
-500.0,500,171.16512
-500.0,500,171.473361
-500.0,500,171.783706
-500.0,500,172.066317
-500.0,500,172.452815
-500.0,500,172.761657
-500.0,500,173.06233
-500.0,500,173.379688
-500.0,500,173.720933
-500.0,500,174.162281
-500.0,500,174.519946
-500.0,500,174.873675
-500.0,500,175.218785
-500.0,500,175.666303
-500.0,500,176.036629
-500.0,500,176.386981
-500.0,500,176.760731
-500.0,500,177.196033
-500.0,500,177.539861
-500.0,500,177.853686
-500.0,500,178.149274
-500.0,500,178.529655
-500.0,500,178.831105
-500.0,500,179.131097
-500.0,500,179.427323
-500.0,500,179.794518
-500.0,500,180.097986
-500.0,500,180.391849
-500.0,500,180.689623
-500.0,500,181.057399
-500.0,500,181.373401
-500.0,500,181.728083
-500.0,500,182.07751
-500.0,500,182.530894
-500.0,500,182.898015
-500.0,500,183.264696
-500.0,500,183.613082
-500.0,500,184.060249
-500.0,500,184.410951
-500.0,500,184.761066
-500.0,500,185.107428
-500.0,500,185.513355
-500.0,500,185.816152
-500.0,500,186.11853
-500.0,500,186.444467
-500.0,500,186.812403
-500.0,500,187.097672
-500.0,500,187.387358
-500.0,500,187.691744
-500.0,500,188.051284
-500.0,500,188.372791
-500.0,500,188.680425
-500.0,500,188.979588
-500.0,500,189.274343
-500.0,500,189.698165
-500.0,500,190.054739
-500.0,500,190.396454
-500.0,500,190.746261
-500.0,500,191.189068
-500.0,500,191.567034
-500.0,500,191.920636
-500.0,500,192.267507
-500.0,500,192.692379
-500.0,500,193.034151
-500.0,500,193.477076
-500.0,500,194.209044
-500.0,500,195.098037
-500.0,500,195.878268
-500.0,500,196.649225
-500.0,500,197.333598
-500.0,500,198.013663
-500.0,500,198.576367
-500.0,500,199.162745
-500.0,500,199.734116
-500.0,500,200.456714
-500.0,500,201.051364
-500.0,500,201.475906
-500.0,500,201.818182
-500.0,500,202.244244
-500.0,500,202.646242
-500.0,500,202.98627
-500.0,500,203.332468
-500.0,500,203.777804
-500.0,500,204.169322
-500.0,500,204.509651
-500.0,500,204.853968
-500.0,500,205.277086
-500.0,500,205.865988
-500.0,500,206.470171
-500.0,500,207.065816
-500.0,500,207.79538
-500.0,500,208.421715
-500.0,500,209.004027
-500.0,500,209.474587
-500.0,500,209.805214
-500.0,500,210.215813
-500.0,500,210.5417
-500.0,500,210.868888
-500.0,500,211.197637
-500.0,500,211.603027
-500.0,500,211.927388
-500.0,500,212.259505
-500.0,500,212.579224
-500.0,500,212.990977
-500.0,500,213.311633
-500.0,500,213.601332
-500.0,500,213.876338
-500.0,500,214.238706
-500.0,500,214.524718
-500.0,500,214.805121
-500.0,500,215.089957
-500.0,500,215.434305
-500.0,500,215.709923
-500.0,500,216.004757
-500.0,500,216.278911
-500.0,500,216.628934
-500.0,500,216.904072
-500.0,500,217.18646
-500.0,500,217.480229
-500.0,500,217.873558
-500.0,500,218.19899
-500.0,500,218.522002
-500.0,500,218.842373
-500.0,500,219.250605
-500.0,500,219.575458
-500.0,500,219.917644
-500.0,500,220.243361
-500.0,500,220.651311
-500.0,500,220.973582
-500.0,500,221.302593
-500.0,500,221.581401
-500.0,500,221.934009
-500.0,500,222.221276
-500.0,500,222.499674
-500.0,500,222.781838
-500.0,500,223.070553
-500.0,500,223.42459
-500.0,500,223.709088
-500.0,500,223.991401
-500.0,500,224.273411
-500.0,500,224.625371
-500.0,500,224.906045
-500.0,500,225.196324
-500.0,500,225.50015
-500.0,500,225.916241
-500.0,500,226.245008
-500.0,500,226.573714
-500.0,500,226.91141
-500.0,500,227.332494
-500.0,500,227.668291
-500.0,500,228.000308
-500.0,500,228.342539
-500.0,500,228.750755
-500.0,500,229.078678
-500.0,500,229.385622
-500.0,500,229.665917
-500.0,500,230.017361
-500.0,500,230.303881
-500.0,500,230.583105
-500.0,500,230.864293
-500.0,500,231.224133
-500.0,500,231.504563
-500.0,500,231.786391
-500.0,500,232.065817
-500.0,500,232.417408
-500.0,500,232.700624
-500.0,500,232.987683
-500.0,500,233.280585
-500.0,500,233.655645
-500.0,500,233.996329
-500.0,500,234.319404
-500.0,500,234.642878
-500.0,500,235.046803
-500.0,500,235.367955
-500.0,500,235.690502
-500.0,500,236.014628
-500.0,500,236.42066
-500.0,500,236.74509
-500.0,500,237.068315
-500.0,500,237.380172
-500.0,500,237.660979
-500.0,500,238.0143
-500.0,500,238.29004
-500.0,500,238.566004
-500.0,500,238.85741
-500.0,500,239.225017
-500.0,500,239.516292
-500.0,500,239.808664
-500.0,500,240.098757
-500.0,500,240.456241
-500.0,500,240.73447
-500.0,500,241.017652
-500.0,500,241.298813
-500.0,500,241.704507
-500.0,500,242.031212
-500.0,500,242.364853
-500.0,500,242.690051
-500.0,500,243.09704
-500.0,500,243.423926
-500.0,500,243.758497
-500.0,500,244.084001
-500.0,500,244.483513
-500.0,500,244.821289
-500.0,500,245.14063
-500.0,500,245.460574
-500.0,500,245.825754
-500.0,500,246.112808
-500.0,500,246.401124
-500.0,500,246.689267
-500.0,500,247.038188
-500.0,500,247.316075
-500.0,500,247.606173
-500.0,500,247.894985
-500.0,500,248.249967
-500.0,500,248.527372
-500.0,500,248.803926
-500.0,500,249.086211
-500.0,500,249.446061
-500.0,500,249.774986
-500.0,500,250.100692
-500.0,500,250.430442
-500.0,500,250.781431
-500.0,500,251.192923
-500.0,500,251.537327
-500.0,500,251.864018
-500.0,500,252.192662
-500.0,500,252.608208
-500.0,500,252.943449
-500.0,500,253.28255
-500.0,500,253.57151
-500.0,500,253.92651
-500.0,500,254.214338
-500.0,500,254.499883
-500.0,500,254.785166
-500.0,500,255.140486
-500.0,500,255.429237
-500.0,500,255.71369
-500.0,500,255.999619
-500.0,500,256.36247
-500.0,500,256.644328
-500.0,500,256.932321
-500.0,500,257.216702
-500.0,500,257.603204
-500.0,500,257.929965
-500.0,500,258.264505
-500.0,500,258.602946
-500.0,500,259.016484
-500.0,500,259.346236
-500.0,500,259.677202
-500.0,500,260.0153
-500.0,500,260.42643
-500.0,500,260.763634
-500.0,500,261.099263
-500.0,500,261.419107
-500.0,500,261.776553
-500.0,500,262.061871
-500.0,500,262.348971
-500.0,500,262.637494
-500.0,500,263.001526
-500.0,500,263.281963
-500.0,500,263.566545
-500.0,500,263.854931
-500.0,500,264.212537
-500.0,500,264.503897
-500.0,500,264.788347
-500.0,500,265.082107
-500.0,500,265.3674
-500.0,500,265.791485
-500.0,500,266.136847
-500.0,500,266.474389
-500.0,500,266.808124
-500.0,500,267.222961
-500.0,500,267.549711
-500.0,500,267.875495
-500.0,500,268.203544
-500.0,500,268.610835
-500.0,500,268.940202
-500.0,500,269.279708
-500.0,500,269.564411
-500.0,500,269.921257
-500.0,500,270.209633
-500.0,500,270.490968
-500.0,500,270.779251
-500.0,500,271.143078
-500.0,500,271.431036
-500.0,500,271.718873
-500.0,500,272.014072
-500.0,500,272.380924
-500.0,500,272.662328
-500.0,500,272.948474
-500.0,500,273.236419
-500.0,500,273.599192
-500.0,500,273.88953
-500.0,500,274.217855
-500.0,500,274.555082
-500.0,500,274.975616
-500.0,500,275.304818
-500.0,500,275.63682
-500.0,500,275.97
-500.0,500,276.387787
-500.0,500,276.719624
-500.0,500,277.05546
-500.0,500,277.396667
-500.0,500,278.150364
-500.0,500,278.806687
-500.0,500,279.471055
-500.0,500,280.131219
-500.0,500,280.8012
-500.0,500,281.569094
-500.0,500,282.105379
-500.0,500,282.678898
-500.0,500,283.203751
-500.0,500,283.851781
-500.0,500,284.430743
-500.0,500,284.965064
-500.0,500,285.447087
-500.0,500,285.876102
-500.0,500,286.207002
-500.0,500,286.54333
-500.0,500,286.874619
-500.0,500,287.293354
-500.0,500,287.628817
-500.0,500,287.967093
-500.0,500,288.29652
-500.0,500,288.706302
-500.0,500,289.042653
-500.0,500,289.367502
-500.0,500,289.651239
-500.0,500,290.019178
-500.0,500,290.307311
-500.0,500,290.588854
-500.0,500,290.875388
-500.0,500,291.228375
-500.0,500,291.5208
-500.0,500,291.814603
-500.0,500,292.101909
-500.0,500,292.454924
-500.0,500,292.74058
-500.0,500,293.024283
-500.0,500,293.313593
-500.0,500,293.67536
-500.0,500,293.967963
-500.0,500,294.255668
-500.0,500,294.544132
-500.0,500,294.908578
-500.0,500,295.204211
-500.0,500,295.485093
-500.0,500,295.770746
-500.0,500,296.121988
-500.0,500,296.404805
-500.0,500,296.691544
-500.0,500,296.975846
-500.0,500,297.26889
-500.0,500,297.622308
-500.0,500,297.905713
-500.0,500,298.192245
-500.0,500,298.478623
-500.0,500,298.843749
-500.0,500,299.131078
-500.0,500,299.42337
-500.0,500,299.712432
-500.0,500,300.070951
-500.0,500,300.359223
-500.0,500,300.644638
-500.0,500,300.929297
-500.0,500,301.305669
-500.0,500,301.695493
-500.0,500,302.247287
-500.0,500,302.83368
-500.0,500,303.482551
-500.0,500,304.02424
-500.0,500,304.55884
-500.0,500,305.085483
-500.0,500,305.628053
-500.0,500,305.963391
-500.0,500,306.297035
-500.0,500,306.632203
-500.0,500,307.041187
-500.0,500,307.373256
-500.0,500,307.708048
-500.0,500,308.05243
-500.0,500,308.462556
-500.0,500,308.793174
-500.0,500,309.128844
-500.0,500,309.462243
-500.0,500,309.828386
-500.0,500,310.110023
-500.0,500,310.395305
-500.0,500,310.678726
-500.0,500,311.035442
-500.0,500,311.325479
-500.0,500,311.606975
-500.0,500,311.890048
-500.0,500,312.178679
-500.0,500,312.538236
-500.0,500,312.823537
-500.0,500,313.10946
-500.0,500,313.399744
-500.0,500,313.809139
-500.0,500,314.141798
-500.0,500,314.473402
-500.0,500,314.815837
-500.0,500,315.239726
-500.0,500,315.577064
-500.0,500,315.911853
-500.0,500,316.249579
-500.0,500,316.665869
-500.0,500,316.99629
-500.0,500,317.334506
-500.0,500,317.917701
-500.0,500,318.735682
-500.0,500,319.425143
-500.0,500,320.086633
-500.0,500,320.733872
-500.0,500,321.516189
-500.0,500,322.0453
-500.0,500,322.578429
-500.0,500,323.115607
-500.0,500,323.766095
-500.0,500,324.323508
-500.0,500,324.860376
-500.0,500,325.388911
-500.0,500,325.832636
-500.0,500,326.163204
-500.0,500,326.502579
-500.0,500,326.84452
-500.0,500,327.2586
-500.0,500,327.591502
-500.0,500,327.924723
-500.0,500,328.259321
-500.0,500,328.670694
-500.0,500,329.004354
-500.0,500,329.338427
-500.0,500,329.630735
-500.0,500,329.915734
-500.0,500,330.275369
-500.0,500,330.561231
-500.0,500,330.846882
-500.0,500,331.129097
-500.0,500,331.495167
-500.0,500,331.783819
-500.0,500,332.072138
-500.0,500,332.35955
-500.0,500,332.719268
-500.0,500,333.004306
-500.0,500,333.294851
-500.0,500,333.615183
-500.0,500,334.028261
-500.0,500,334.363981
-500.0,500,334.699707
-500.0,500,335.03584
-500.0,500,335.465484
-500.0,500,335.798427
-500.0,500,336.136029
-500.0,500,336.464351
-500.0,500,336.876258
-500.0,500,337.208704
-500.0,500,337.512695
-500.0,500,337.796022
-500.0,500,338.156932
-500.0,500,338.448904
-500.0,500,338.758413
-500.0,500,339.05795
-500.0,500,339.453495
-500.0,500,339.753044
-500.0,500,340.041079
-500.0,500,340.381055
-500.0,500,340.744639
-500.0,500,341.056636
-500.0,500,341.376764
-500.0,500,341.7404
-500.0,500,342.206669
-500.0,500,342.549998
-500.0,500,342.896671
-500.0,500,343.216252
-500.0,500,343.617022
-500.0,500,343.947947
-500.0,500,344.25901
-500.0,500,344.571371
-500.0,500,344.890359
-500.0,500,345.277526
-500.0,500,345.799639
-500.0,500,346.458619
-500.0,500,347.109384
-500.0,500,347.995654
-500.0,500,348.638921
-500.0,500,349.336655
-500.0,500,349.865047
-500.0,500,350.470945
-500.0,500,350.964143
-500.0,500,351.455681
-500.0,500,351.947383
-500.0,500,352.555858
-500.0,500,353.049358
-500.0,500,353.497748
-500.0,500,353.833216
-500.0,500,354.247578
-500.0,500,354.571175
-500.0,500,354.897875
-500.0,500,355.221041
-500.0,500,355.613479
-500.0,500,355.93713
-500.0,500,356.268394
-500.0,500,356.595757
-500.0,500,356.997609
-500.0,500,357.337455
-500.0,500,357.830476
-500.0,500,358.38101
-500.0,500,359.048774
-500.0,500,359.600873
-500.0,500,360.135819
-500.0,500,360.665919
-500.0,500,361.318231
-500.0,500,361.724385
-500.0,500,362.071073
-500.0,500,362.405086
-500.0,500,362.823685
-500.0,500,363.155644
-500.0,500,363.495857
-500.0,500,363.824884
-500.0,500,364.139972
-500.0,500,364.562423
-500.0,500,364.890121
-500.0,500,365.227216
-500.0,500,365.671765
-500.0,500,366.337279
-500.0,500,366.892362
-500.0,500,367.417841
-500.0,500,367.940038
-500.0,500,368.572648
-500.0,500,369.089053
-500.0,500,369.539659
-500.0,500,369.877371
-500.0,500,370.296133
-500.0,500,370.64148
-500.0,500,370.975671
-500.0,500,371.307401
-500.0,500,371.725547
-500.0,500,372.058792
-500.0,500,372.384338
-500.0,500,372.723303
-500.0,500,373.117768
-500.0,500,373.452372
-500.0,500,373.751565
-500.0,500,374.049763
-500.0,500,374.40707
-500.0,500,374.699598
-500.0,500,374.982551
-500.0,500,375.278923
-500.0,500,375.647053
-500.0,500,375.93931
-500.0,500,376.243194
-500.0,500,376.530814
-500.0,500,376.900269
-500.0,500,377.195511
-500.0,500,377.48343
-500.0,500,377.759765
-500.0,500,378.123574
-500.0,500,378.413604
-500.0,500,378.70183
-500.0,500,378.988433
-500.0,500,379.351518
-500.0,500,379.639308
-500.0,500,379.915846
-500.0,500,380.198291
-500.0,500,380.480862
-500.0,500,380.834805
-500.0,500,381.122977
-500.0,500,381.421434
-500.0,500,381.698193
-500.0,500,382.05188
-500.0,500,382.328142
-500.0,500,382.613377
-500.0,500,382.89549
-500.0,500,383.246014
-500.0,500,383.526658
-500.0,500,383.804564
-500.0,500,384.08177
-500.0,500,384.425473
-500.0,500,384.699764
-500.0,500,384.972666
-500.0,500,385.252002
-500.0,500,385.700963
-500.0,500,386.201989
-500.0,500,386.703634
-500.0,500,387.218677
-500.0,500,387.880928
-500.0,500,388.431615
-500.0,500,388.974265
-500.0,500,389.496996
-500.0,500,389.95475
-500.0,500,390.343702
-500.0,500,390.689539
-500.0,500,391.019668
-500.0,500,391.423648
-500.0,500,391.736945
-500.0,500,392.070884
-500.0,500,392.412397
-500.0,500,392.832034
-500.0,500,393.167406
-500.0,500,393.492417
-500.0,500,393.785597
-500.0,500,394.1444
-500.0,500,394.429572
-500.0,500,394.715961
-500.0,500,395.003484
-500.0,500,395.285034
-500.0,500,395.636724
-500.0,500,395.923947
-500.0,500,396.210676
-500.0,500,396.502433
-500.0,500,396.865056
-500.0,500,397.159189
-500.0,500,397.440695
-500.0,500,397.770757
-500.0,500,398.181813
-500.0,500,398.511924
-500.0,500,398.830564
-500.0,500,399.151033
-500.0,500,399.548028
-500.0,500,399.864702
-500.0,500,400.206712
-500.0,500,400.53105
-500.0,500,400.938458
-500.0,500,401.26694
-500.0,500,401.583796
-500.0,500,401.864326
-500.0,500,402.217155
-500.0,500,402.492891
-500.0,500,402.779525
-500.0,500,403.071636
-500.0,500,403.429867
-500.0,500,403.721838
-500.0,500,404.009592
-500.0,500,404.296266
-500.0,500,404.64342
-500.0,500,404.924939
-500.0,500,405.213476
-500.0,500,405.502529
-500.0,500,405.911725
-500.0,500,406.23685
-500.0,500,406.557316
-500.0,500,406.87397
-500.0,500,407.262388
-500.0,500,407.581728
-500.0,500,407.897907
-500.0,500,408.233446
-500.0,500,408.55889
-500.0,500,408.965704
-500.0,500,409.307344
-500.0,500,409.617036
-500.0,500,409.917201
-500.0,500,410.278867
-500.0,500,410.579941
-500.0,500,410.877522
-500.0,500,411.164612
-500.0,500,411.527971
-500.0,500,411.82045
-500.0,500,412.12105
-500.0,500,412.409627
-500.0,500,412.759331
-500.0,500,413.041629
-500.0,500,413.325372
-500.0,500,413.643406
-500.0,500,414.078681
-500.0,500,414.414488
-500.0,500,414.75905
-500.0,500,415.101562
-500.0,500,415.507046
-500.0,500,415.838687
-500.0,500,416.174469
-500.0,500,416.504779
-500.0,500,416.933836
-500.0,500,417.26367
-500.0,500,417.579444
-500.0,500,417.884364
-500.0,500,418.253939
-500.0,500,418.561886
-500.0,500,418.850537
-500.0,500,419.144957
-500.0,500,419.498202
-500.0,500,419.792123
-500.0,500,420.078934
-500.0,500,420.36174
-500.0,500,420.720526
-500.0,500,421.014176
-500.0,500,421.294391
-500.0,500,421.582384
-500.0,500,421.983799
-500.0,500,422.323961
-500.0,500,422.658735
-500.0,500,422.99209
-500.0,500,423.32522
-500.0,500,423.753749
-500.0,500,424.084997
-500.0,500,424.408519
-500.0,500,424.747245
-500.0,500,425.161473
-500.0,500,425.483168
-500.0,500,425.768873
-500.0,500,426.047092
-500.0,500,426.409043
-500.0,500,426.692862
-500.0,500,426.992973
-500.0,500,427.288986
-500.0,500,427.645935
-500.0,500,427.937798
-500.0,500,428.23512
-500.0,500,428.527528
-500.0,500,428.879432
-500.0,500,429.164697
-500.0,500,429.448647
-500.0,500,429.77064
-500.0,500,430.21642
-500.0,500,430.545824
-500.0,500,430.875606
-500.0,500,431.211733
-500.0,500,431.622037
-500.0,500,431.940659
-500.0,500,432.273487
-500.0,500,432.614891
-500.0,500,433.015562
-500.0,500,433.354013
-500.0,500,433.653033
-500.0,500,433.932156
-500.0,500,434.286173
-500.0,500,434.564842
-500.0,500,434.852684
-500.0,500,435.14062
-500.0,500,435.499954
-500.0,500,435.781796
-500.0,500,436.059888
-500.0,500,436.346265
-500.0,500,436.631435
-500.0,500,436.983216
-500.0,500,437.265504
-500.0,500,437.55207
-500.0,500,437.885364
-500.0,500,438.289508
-500.0,500,438.626532
-500.0,500,438.958408
-500.0,500,439.283692
-500.0,500,439.709176
-500.0,500,440.049903
-500.0,500,440.378604
-500.0,500,440.711366
-500.0,500,441.110931
-500.0,500,441.435216
-500.0,500,441.718931
-500.0,500,441.996634
-500.0,500,442.350446
-500.0,500,442.640807
-500.0,500,442.932917
-500.0,500,443.222875
-500.0,500,443.581882
-500.0,500,443.866742
-500.0,500,444.156681
-500.0,500,444.443466
-500.0,500,444.798099
-500.0,500,445.088549
-500.0,500,445.380152
-500.0,500,445.684618
-500.0,500,446.088468
-500.0,500,446.410362
-500.0,500,446.731269
-500.0,500,447.059472
-500.0,500,447.46376
-500.0,500,447.786427
-500.0,500,448.114691
-500.0,500,448.445159
-500.0,500,448.853069
-500.0,500,449.178351
-500.0,500,449.560054
-500.0,500,450.202066
-500.0,500,451.01558
-500.0,500,451.667613
-500.0,500,452.328331
-500.0,500,453.001371
-500.0,500,453.615526
-500.0,500,454.265114
-500.0,500,454.769995
-500.0,500,455.279648
-500.0,500,455.78259
-500.0,500,456.404411
-500.0,500,456.911977
-500.0,500,457.419958
-500.0,500,457.785987
-500.0,500,458.209542
-500.0,500,458.554399
-500.0,500,458.902284
-500.0,500,459.244771
-500.0,500,459.668245
-500.0,500,460.015731
-500.0,500,460.337079
-500.0,500,460.663405
-500.0,500,461.059527
-500.0,500,461.3838
-500.0,500,461.822772
-500.0,500,462.330274
-500.0,500,462.953466
-500.0,500,463.48057
-500.0,500,464.00544
-500.0,500,464.514536
-500.0,500,465.169162
-500.0,500,465.649441
-500.0,500,466.027665
-500.0,500,466.405195
-500.0,500,466.834059
-500.0,500,467.1724
-500.0,500,467.502025
-500.0,500,467.822239
-500.0,500,468.210438
-500.0,500,468.524209
-500.0,500,468.84247
-500.0,500,469.160254
-500.0,500,469.543945
-500.0,500,469.823926
-500.0,500,470.099534
-500.0,500,470.384907
-500.0,500,470.67366
-500.0,500,471.033292
-500.0,500,471.319036
-500.0,500,471.607741
-500.0,500,471.896702
-500.0,500,472.281809
-500.0,500,472.57516
-500.0,500,472.870402
-500.0,500,473.166678
-500.0,500,473.539488
-500.0,500,473.869625
-500.0,500,474.180124
-500.0,500,474.499919
-500.0,500,474.907617
-500.0,500,475.230953
-500.0,500,475.553674
-500.0,500,475.893249
-500.0,500,476.317212
-500.0,500,476.637341
-500.0,500,476.958083
-500.0,500,477.275016
-500.0,500,477.817462
-500.0,500,478.441555
-500.0,500,479.065732
-500.0,500,479.690076
-500.0,500,480.458669
-500.0,500,481.093819
-500.0,500,481.684117
-500.0,500,482.191695
-500.0,500,482.81012
-500.0,500,483.310544
-500.0,500,483.808873
-500.0,500,484.305018
-500.0,500,484.919048
-500.0,500,485.423566
-500.0,500,485.79779
-500.0,500,486.113464
-500.0,500,486.499276
-500.0,500,486.815099
-500.0,500,487.132298
-500.0,500,487.448169
-500.0,500,487.840456
-500.0,500,488.163713
-500.0,500,488.484146
-500.0,500,488.803691
-500.0,500,489.125815
-500.0,500,489.524704
-500.0,500,490.021106
-500.0,500,490.522002
-500.0,500,491.025803
-500.0,500,491.645213
-500.0,500,492.152144
-500.0,500,492.655683
-500.0,500,493.156404
-500.0,500,493.702912
-500.0,500,494.029803
-500.0,500,494.349041
-500.0,500,494.666553
-500.0,500,495.059701
-500.0,500,495.379304
-500.0,500,495.699491
-500.0,500,496.022387
-500.0,500,496.415604
-500.0,500,496.739103
-500.0,500,497.062388
-500.0,500,497.385126
-500.0,500,497.917726
-500.0,500,498.416455
-500.0,500,498.920627
-500.0,500,499.420303
-500.0,500,500.033787
-500.0,500,500.532962
-500.0,500,501.031222
-500.0,500,501.532367
-500.0,500,501.953526
-500.0,500,502.284221
-500.0,500,502.604565
-500.0,500,502.928729
-500.0,500,503.32288
-500.0,500,503.649209
-500.0,500,503.970366
-500.0,500,504.290677
-500.0,500,504.687984
-500.0,500,505.01256
-500.0,500,505.335279
-500.0,500,505.717076
-500.0,500,506.2251
-500.0,500,506.849851
-500.0,500,507.359404
-500.0,500,507.865726
-500.0,500,508.370571
-500.0,500,508.985111
-500.0,500,509.493984
-500.0,500,509.847566
-500.0,500,510.171635
-500.0,500,510.57048
-500.0,500,510.896314
-500.0,500,511.218663
-500.0,500,511.543582
-500.0,500,511.942604
-500.0,500,512.263089
-500.0,500,512.584766
-500.0,500,512.909891
-500.0,500,513.311909
-500.0,500,513.678005
-500.0,500,514.182911
-500.0,500,514.684154
-500.0,500,515.302902
-500.0,500,515.813956
-500.0,500,516.31713
-500.0,500,516.822273
-500.0,500,517.437158
-500.0,500,517.832483
-500.0,500,518.176296
-500.0,500,518.506113
-500.0,500,518.898207
-500.0,500,519.221689
-500.0,500,519.547255
-500.0,500,519.884265
-500.0,500,520.296085
-500.0,500,520.642653
-500.0,500,520.978272
-500.0,500,521.331652
-500.0,500,521.716458
-500.0,500,522.004894
-500.0,500,522.300575
-500.0,500,522.604675
-500.0,500,522.884794
-500.0,500,523.238104
-500.0,500,523.522604
-500.0,500,523.806794
-500.0,500,524.094587
-500.0,500,524.44947
-500.0,500,524.749136
-500.0,500,525.039435
-500.0,500,525.34323
-500.0,500,525.712253
-500.0,500,526.002794
-500.0,500,526.290998
-500.0,500,526.576769
-500.0,500,526.929794
-500.0,500,527.21555
-500.0,500,527.494067
-500.0,500,527.77741
-500.0,500,528.135979
-500.0,500,528.424551
-500.0,500,528.71484
-500.0,500,529.007526
-500.0,500,529.363932
-500.0,500,529.651668
-500.0,500,529.94118
-500.0,500,530.226934
-500.0,500,530.576454
-500.0,500,530.860946
-500.0,500,531.139402
-500.0,500,531.418835
-500.0,500,531.775456
-500.0,500,532.057714
-500.0,500,532.342724
-500.0,500,532.62629
-500.0,500,532.97634
-500.0,500,533.264997
-500.0,500,533.551569
-500.0,500,533.833427
-500.0,500,534.196988
-500.0,500,534.484013
-500.0,500,534.782711
-500.0,500,535.064817
-500.0,500,535.420243
-500.0,500,535.709967
-500.0,500,535.993261
-500.0,500,536.288505
-500.0,500,536.571709
-500.0,500,536.933522
-500.0,500,537.231081
-500.0,500,537.521337
-500.0,500,537.805933
-500.0,500,538.16361
-500.0,500,538.442162
-500.0,500,538.735039
-500.0,500,539.020532
-500.0,500,539.376685
-500.0,500,539.667109
-500.0,500,539.950088
-500.0,500,540.231611
-500.0,500,540.585948
-500.0,500,540.876605
-500.0,500,541.170393
-500.0,500,541.450069
-500.0,500,542.010233
-500.0,500,542.542257
-500.0,500,543.081163
-500.0,500,543.614989
-500.0,500,544.277195
-500.0,500,544.81254
-500.0,500,545.326721
-500.0,500,545.765763
-500.0,500,546.17671
-500.0,500,546.498112
-500.0,500,546.825064
-500.0,500,547.154164
-500.0,500,547.551589
-500.0,500,547.874295
-500.0,500,548.195728
-500.0,500,548.511422
-500.0,500,548.906241
-500.0,500,549.222732
-500.0,500,549.535722
-500.0,500,549.810949
-500.0,500,550.152694
-500.0,500,550.432926
-500.0,500,550.739004
-500.0,500,551.027821
-500.0,500,551.312981
-500.0,500,551.669618
-500.0,500,551.957439
-500.0,500,552.247574
-500.0,500,552.529577
-500.0,500,552.89354
-500.0,500,553.178717
-500.0,500,553.466231
-500.0,500,553.777729
-500.0,500,554.200163
-500.0,500,554.544987
-500.0,500,554.88097
-500.0,500,555.21071
-500.0,500,555.612965
-500.0,500,555.950509
-500.0,500,556.28622
-500.0,500,556.619306
-500.0,500,557.016995
-500.0,500,557.349285
-500.0,500,557.745789
-500.0,500,558.37284
-500.0,500,559.149087
-500.0,500,559.778653
-500.0,500,560.418244
-500.0,500,561.087403
-500.0,500,561.811184
-500.0,500,562.320904
-500.0,500,562.827167
-500.0,500,563.335399
-500.0,500,563.952695
-500.0,500,564.457836
-500.0,500,564.958495
-500.0,500,565.476904
-500.0,500,565.93236
-500.0,500,566.295468
-500.0,500,566.616286
-500.0,500,566.939033
-500.0,500,567.354996
-500.0,500,567.679994
-500.0,500,568.004079
-500.0,500,568.329331
-500.0,500,568.728483
-500.0,500,569.048768
-500.0,500,569.384218
-500.0,500,569.739077
-500.0,500,570.265485
-500.0,500,570.927042
-500.0,500,571.475691
-500.0,500,571.995122
-500.0,500,572.520683
-500.0,500,573.168981
-500.0,500,573.682754
-500.0,500,574.016123
-500.0,500,574.334643
-500.0,500,574.729205
-500.0,500,575.054218
-500.0,500,575.385676
-500.0,500,575.706011
-500.0,500,576.122603
-500.0,500,576.461581
-500.0,500,576.798486
-500.0,500,577.130061
-500.0,500,577.531442
-500.0,500,577.842324
-500.0,500,578.14232
-500.0,500,578.429302
-500.0,500,578.790916
-500.0,500,579.071824
-500.0,500,579.355785
-500.0,500,579.641797
-500.0,500,579.994063
-500.0,500,580.275146
-500.0,500,580.557003
-500.0,500,580.847043
-500.0,500,581.203125
-500.0,500,581.490067
-500.0,500,581.788538
-500.0,500,582.111999
-500.0,500,582.513178
-500.0,500,582.839771
-500.0,500,583.169171
-500.0,500,583.49557
-500.0,500,583.910864
-500.0,500,584.236678
-500.0,500,584.57321
-500.0,500,584.905252
-500.0,500,585.231798
-500.0,500,585.636243
-500.0,500,585.932797
-500.0,500,586.22724
-500.0,500,586.521231
-500.0,500,586.890276
-500.0,500,587.179702
-500.0,500,587.454737
-500.0,500,587.734824
-500.0,500,588.089856
-500.0,500,588.37514
-500.0,500,588.655577
-500.0,500,588.94246
-500.0,500,589.292636
-500.0,500,589.580401
-500.0,500,589.897671
-500.0,500,590.231924
-500.0,500,590.645285
-500.0,500,590.974389
-500.0,500,591.299981
-500.0,500,591.621479
-500.0,500,592.037834
-500.0,500,592.371028
-500.0,500,592.743102
-500.0,500,593.093086
-500.0,500,593.527811
-500.0,500,594.227183
-500.0,500,595.036017
-500.0,500,595.682405
-500.0,500,596.501629
-500.0,500,597.19916
-500.0,500,597.880307
-500.0,500,598.455439
-500.0,500,599.100428
-500.0,500,599.602249
-500.0,500,600.242784
-500.0,500,600.893665
-500.0,500,601.650921
-500.0,500,602.047594
-500.0,500,602.406399
-500.0,500,602.740313
-500.0,500,603.089865
-500.0,500,603.515655
-500.0,500,603.842386
-500.0,500,604.179826
-500.0,500,604.514578
-500.0,500,604.945343
-500.0,500,605.286864
-500.0,500,605.620234
-500.0,500,605.904845
-500.0,500,606.256227
-500.0,500,606.541857
-500.0,500,606.832121
-500.0,500,607.120506
-500.0,500,607.483065
-500.0,500,607.772362
-500.0,500,608.060149
-500.0,500,608.354899
-500.0,500,608.72971
-500.0,500,609.014625
-500.0,500,609.309644
-500.0,500,609.597978
-500.0,500,610.009722
-500.0,500,610.344816
-500.0,500,610.714672
-500.0,500,611.070251
-500.0,500,611.501733
-500.0,500,611.835452
-500.0,500,612.190759
-500.0,500,612.533243
-500.0,500,612.946893
-500.0,500,613.396678
-500.0,500,613.943711
-500.0,500,614.70336
-500.0,500,615.729019
-500.0,500,616.465205
-500.0,500,617.109579
-500.0,500,617.82604
-500.0,500,618.600723
-500.0,500,619.156654
-500.0,500,619.686663
-500.0,500,620.197035
-500.0,500,620.852716
-500.0,500,621.353436
-500.0,500,621.810216
-500.0,500,622.140785
-500.0,500,622.45772
-500.0,500,622.864157
-500.0,500,623.189793
-500.0,500,623.497083
-500.0,500,623.806665
-500.0,500,624.197472
-500.0,500,624.505401
-500.0,500,624.816952
-500.0,500,625.129054
-500.0,500,625.525259
-500.0,500,625.803012
-500.0,500,626.060149
-500.0,500,626.316995
-500.0,500,626.642959
-500.0,500,626.901528
-500.0,500,627.170341
-500.0,500,627.439223
-500.0,500,627.769574
-500.0,500,628.03135
-500.0,500,628.291798
-500.0,500,628.553636
-500.0,500,628.880521
-500.0,500,629.138829
-500.0,500,629.396858
-500.0,500,629.670502
-500.0,500,629.994725
-500.0,500,630.305302
-500.0,500,630.580733
-500.0,500,630.852623
-500.0,500,631.193364
-500.0,500,631.456705
-500.0,500,631.721629
-500.0,500,631.982807
-500.0,500,632.318706
-500.0,500,632.59408
-500.0,500,632.871832
-500.0,500,633.145437
-500.0,500,633.475931
-500.0,500,633.73674
-500.0,500,633.999087
-500.0,500,634.262101
-500.0,500,634.52951
-500.0,500,634.860969
-500.0,500,635.133715
-500.0,500,635.416785
-500.0,500,635.738737
-500.0,500,636.140717
-500.0,500,636.417212
-500.0,500,636.729515
-500.0,500,637.011375
-500.0,500,637.440394
-500.0,500,637.79585
-500.0,500,638.122733
-500.0,500,638.395185
-500.0,500,638.738205
-500.0,500,639.071093
-500.0,500,639.359953
-500.0,500,639.631513
-500.0,500,639.969261
-500.0,500,640.232646
-500.0,500,640.530624
-500.0,500,640.826058
-500.0,500,641.169821
-500.0,500,641.436745
-500.0,500,641.700354
-500.0,500,641.962145
-500.0,500,642.345294
-500.0,500,642.61119
-500.0,500,642.870146
-500.0,500,643.134409
-500.0,500,643.460398
-500.0,500,643.72058
-500.0,500,643.981933
-500.0,500,644.241511
-500.0,500,644.564116
-500.0,500,644.825843
-500.0,500,645.085835
-500.0,500,645.347195
-500.0,500,645.672405
-500.0,500,645.937783
-500.0,500,646.206766
-500.0,500,646.479289
-500.0,500,646.812455
-500.0,500,647.074575
-500.0,500,647.341176
-500.0,500,647.60136
-500.0,500,647.866339
-500.0,500,648.208914
-500.0,500,648.535462
-500.0,500,648.832697
-500.0,500,649.157414
-500.0,500,649.483129
-500.0,500,649.754403
-500.0,500,650.026426
-500.0,500,650.289817
-500.0,500,650.63378
-500.0,500,650.966979
-500.0,500,651.248816
-500.0,500,651.565257
-500.0,500,651.958124
-500.0,500,652.29146
-500.0,500,652.576444
-500.0,500,652.850528
-500.0,500,653.183117
-500.0,500,653.445303
-500.0,500,653.708578
-500.0,500,653.969268
-500.0,500,654.294671
-500.0,500,654.563831
-500.0,500,654.828694
-500.0,500,655.099103
-500.0,500,655.434982
-500.0,500,655.69887
-500.0,500,655.972709
-500.0,500,656.23648
-500.0,500,656.563493
-500.0,500,656.821024
-500.0,500,657.080308
-500.0,500,657.337632
-500.0,500,657.665568
-500.0,500,657.936763
-500.0,500,658.213226
-500.0,500,658.528895
-500.0,500,658.924786
-500.0,500,659.209666
-500.0,500,659.492567
-500.0,500,659.754169
-500.0,500,660.057898
-500.0,500,660.419019
-500.0,500,660.721747
-500.0,500,661.043519
-500.0,500,661.383322
-500.0,500,661.786395
-500.0,500,662.106764
-500.0,500,662.414876
-500.0,500,662.712445
-500.0,500,663.088702
-500.0,500,663.397297
-500.0,500,663.723382
-500.0,500,664.017313
-500.0,500,664.460339
-500.0,500,664.751443
-500.0,500,665.031241
-500.0,500,665.312481
-500.0,500,665.652784
-500.0,500,666.102406
-500.0,500,666.636788
-500.0,500,667.152816
-500.0,500,667.775608
-500.0,500,668.283263
-500.0,500,668.798268
-500.0,500,669.317639
-500.0,500,669.86222
-500.0,500,670.192174
-500.0,500,670.522276
-500.0,500,670.854405
-500.0,500,671.26283
-500.0,500,671.594949
-500.0,500,671.905627
-500.0,500,672.211843
-500.0,500,672.590931
-500.0,500,672.901237
-500.0,500,673.215079
-500.0,500,673.524167
-500.0,500,673.878052
-500.0,500,674.140599
-500.0,500,674.398917
-500.0,500,674.664051
-500.0,500,675.001076
-500.0,500,675.2698
-500.0,500,675.531561
-500.0,500,675.791657
-500.0,500,676.053377
-500.0,500,676.380096
-500.0,500,676.643432
-500.0,500,676.919106
-500.0,500,677.198543
-500.0,500,677.533563
-500.0,500,677.817834
-500.0,500,678.128175
-500.0,500,678.433528
-500.0,500,678.813372
-500.0,500,679.117295
-500.0,500,679.421176
-500.0,500,679.725433
-500.0,500,680.1196
-500.0,500,680.433424
-500.0,500,680.748391
-500.0,500,681.05344
-500.0,500,681.432262
-500.0,500,681.731002
-500.0,500,681.992328
-500.0,500,682.253576
-500.0,500,682.582381
-500.0,500,682.851118
-500.0,500,683.116518
-500.0,500,683.418953
-500.0,500,683.798038
-500.0,500,684.141488
-500.0,500,684.561641
-500.0,500,684.894895
-500.0,500,685.299459
-500.0,500,685.591859
-500.0,500,685.903491
-500.0,500,686.256932
-500.0,500,686.685856
-500.0,500,687.022845
-500.0,500,687.37423
-500.0,500,687.718449
-500.0,500,688.140342
-500.0,500,688.516105
-500.0,500,688.838584
-500.0,500,689.166652
-500.0,500,689.50119
-500.0,500,689.879972
-500.0,500,690.169238
-500.0,500,690.464326
-500.0,500,690.753926
-500.0,500,691.131123
-500.0,500,691.424689
-500.0,500,691.711855
-500.0,500,691.996333
-500.0,500,692.357126
-500.0,500,692.653753
-500.0,500,692.949499
-500.0,500,693.241208
-500.0,500,693.600353
-500.0,500,693.892483
-500.0,500,694.220393
-500.0,500,694.559937
-500.0,500,694.971951
-500.0,500,695.300719
-500.0,500,695.651086
-500.0,500,696.010698
-500.0,500,696.4205
-500.0,500,696.75705
-500.0,500,697.097367
-500.0,500,697.434238
-500.0,500,697.986485
-500.0,500,698.661888
-500.0,500,699.335572
-500.0,500,700.024567
-500.0,500,700.870905
-500.0,500,701.595364
-500.0,500,702.18481
-500.0,500,702.723506
-500.0,500,703.371297
-500.0,500,703.927436
-500.0,500,704.465634
-500.0,500,704.999093
-500.0,500,705.663887
-500.0,500,706.01657
-500.0,500,706.344686
-500.0,500,706.676944
-500.0,500,707.005984
-500.0,500,707.413597
-500.0,500,707.747949
-500.0,500,708.096684
-500.0,500,708.421627
-500.0,500,708.841924
-500.0,500,709.175543
-500.0,500,709.502112
-500.0,500,709.816148
-500.0,500,710.180951
-500.0,500,710.475695
-500.0,500,710.763439
-500.0,500,711.049135
-500.0,500,711.438899
-500.0,500,711.724861
-500.0,500,712.013252
-500.0,500,712.299361
-500.0,500,712.656441
-500.0,500,712.94729
-500.0,500,713.257421
-500.0,500,713.544086
-500.0,500,713.92569
-500.0,500,714.256093
-500.0,500,714.590343
-500.0,500,714.911456
-500.0,500,715.332211
-500.0,500,715.672344
-500.0,500,716.014314
-500.0,500,716.348536
-500.0,500,716.762859
-500.0,500,717.111429
-500.0,500,717.448781
-500.0,500,717.764971
-500.0,500,718.129792
-500.0,500,718.432051
-500.0,500,718.720463
-500.0,500,719.005128
-500.0,500,719.365069
-500.0,500,719.661668
-500.0,500,719.957188
-500.0,500,720.255063
-500.0,500,720.622976
-500.0,500,720.912108
-500.0,500,721.204131
-500.0,500,721.497236
-500.0,500,721.777866
-500.0,500,722.175198
-500.0,500,722.501216
-500.0,500,722.835168
-500.0,500,723.164141
-500.0,500,723.589085
-500.0,500,723.926358
-500.0,500,724.253297
-500.0,500,724.580644
-500.0,500,724.976175
-500.0,500,725.296122
-500.0,500,725.629508
-500.0,500,725.938604
-500.0,500,726.307923
-500.0,500,726.589994
-500.0,500,726.881374
-500.0,500,727.166379
-500.0,500,727.524862
-500.0,500,727.814715
-500.0,500,728.109759
-500.0,500,728.398466
-500.0,500,728.754895
-500.0,500,729.044779
-500.0,500,729.329692
-500.0,500,729.61467
-500.0,500,730.004021
-500.0,500,730.329726
-500.0,500,730.683198
-500.0,500,731.039094
-500.0,500,731.464667
-500.0,500,731.804639
-500.0,500,732.133193
-500.0,500,732.450942
-500.0,500,732.852483
-500.0,500,733.183107
-500.0,500,733.519404
-500.0,500,733.825868
-500.0,500,734.178174
-500.0,500,734.469616
-500.0,500,734.759165
-500.0,500,735.049401
-500.0,500,735.349396
-500.0,500,735.724895
-500.0,500,736.016273
-500.0,500,736.307965
-500.0,500,736.594879
-500.0,500,736.953506
-500.0,500,737.244024
-500.0,500,737.536643
-500.0,500,737.830144
-500.0,500,738.245446
-500.0,500,738.57699
-500.0,500,738.915573
-500.0,500,739.251813
-500.0,500,739.67064
-500.0,500,740.002535
-500.0,500,740.334265
-500.0,500,740.669913
-500.0,500,741.080547
-500.0,500,741.414349
-500.0,500,741.75056
-500.0,500,742.040779
-500.0,500,742.398548
-500.0,500,742.68498
-500.0,500,742.97558
-500.0,500,743.263668
-500.0,500,743.620888
-500.0,500,743.936881
-500.0,500,744.225887
-500.0,500,744.506326
-500.0,500,744.872734
-500.0,500,745.162782
-500.0,500,745.475677
-500.0,500,745.763935
-500.0,500,746.180258
-500.0,500,746.519922
-500.0,500,746.844278
-500.0,500,747.180867
-500.0,500,747.625805
-500.0,500,747.965672
-500.0,500,748.298226
-500.0,500,748.633024
-500.0,500,749.048157
-500.0,500,749.402798
-500.0,500,749.737284
-500.0,500,750.033206
-500.0,500,750.341423
-500.0,500,750.713387
-500.0,500,751.00128
-500.0,500,751.302907
-500.0,500,751.595195
-500.0,500,751.953681
-500.0,500,752.255579
-500.0,500,752.546589
-500.0,500,752.83233
-500.0,500,753.191799
-500.0,500,753.482319
-500.0,500,753.768939
-500.0,500,754.101022
