# {"t_start": 1553173116.7813525, "env_id": "Taxi-v2"} 
r,l,t
-713,200,0.557521
-695,200,0.618669
-803,200,0.679544
-776,200,0.740619
-875,200,0.801763
-866,200,0.863475
-758,200,0.924438
-740,200,0.984531
-713,200,1.042871
-857,200,1.10376
-398,200,1.361938
-200,200,1.422622
-200,200,1.481299
-200,200,1.540719
-200,200,1.601145
-200,200,1.660914
-200,200,1.719251
-200,200,1.778725
-200,200,1.837593
-200,200,1.896434
-200,200,2.119043
-200,200,2.179425
-200,200,2.240812
-200,200,2.302063
-200,200,2.363162
-200,200,2.424387
-200,200,2.485682
-200,200,2.547122
-200,200,2.608042
-200,200,2.668112
-200,200,2.889749
-200,200,2.949723
-200,200,3.011072
-200,200,3.072056
-200,200,3.131051
-200,200,3.192203
-200,200,3.254691
-200,200,3.315483
-200,200,3.377105
-200,200,3.43818
-200,200,3.660597
-200,200,3.720155
-200,200,3.780838
-200,200,3.841821
-200,200,3.901098
-200,200,3.960684
-200,200,4.0204
-200,200,4.081023
-200,200,4.141902
-200,200,4.202469
-200,200,4.263149
-200,200,4.486068
-200,200,4.54646
-200,200,4.604978
-200,200,4.664299
-200,200,4.725043
-200,200,4.785957
-200,200,4.845901
-200,200,4.906774
-200,200,4.967547
-200,200,5.028054
-200,200,5.25103
-200,200,5.310702
-200,200,5.370782
-200,200,5.429318
-200,200,5.48798
-200,200,5.547489
-200,200,5.608682
-200,200,5.669583
-200,200,5.730518
-200,200,5.79187
-200,200,6.014063
-200,200,6.073689
-200,200,6.131964
-200,200,6.18999
-200,200,6.248636
-200,200,6.307059
-200,200,6.365731
-200,200,6.426028
-200,200,6.48652
-200,200,6.546934
-200,200,6.768794
-200,200,6.829631
-200,200,6.890169
-200,200,6.950901
-200,200,7.011581
-200,200,7.072253
-200,200,7.132877
-200,200,7.193522
-200,200,7.254306
-200,200,7.314818
-200,200,7.375685
-200,200,7.600046
-200,200,7.659437
-200,200,7.717711
-200,200,7.777029
-200,200,7.837711
-200,200,7.898301
-200,200,7.959264
-200,200,8.01973
-200,200,8.079655
-200,200,8.140151
-200,200,8.3616
-200,200,8.420789
-200,200,8.480869
-200,200,8.539805
-200,200,8.60142
-200,200,8.663151
-200,200,8.724222
-200,200,8.785083
-200,200,8.845948
-200,200,8.907196
-200,200,9.130002
-200,200,9.190264
-200,200,9.251992
-200,200,9.313082
-200,200,9.373993
-200,200,9.435187
-200,200,9.496281
-200,200,9.557026
-200,200,9.615958
-200,200,9.676654
-200,200,9.898794
-200,200,9.95757
-200,200,10.01696
-200,200,10.077834
-200,200,10.138944
-200,200,10.199823
-200,200,10.260463
-200,200,10.321262
-200,200,10.381802
-200,200,10.442448
-200,200,10.501034
-200,200,10.721968
-200,200,10.781882
-200,200,10.840664
-200,200,10.899312
-200,200,10.957871
-200,200,11.018653
-200,200,11.080234
-200,200,11.141145
-200,200,11.202398
-200,200,11.263217
-200,200,11.485233
-200,200,11.545362
-200,200,11.606825
-200,200,11.66779
-200,200,11.728857
-200,200,11.790142
-200,200,11.851189
-200,200,11.910175
-200,200,11.969195
-200,200,12.030351
-200,200,12.254385
-200,200,12.313892
-200,200,12.374902
-200,200,12.435653
-200,200,12.496128
-200,200,12.556522
-200,200,12.616936
-200,200,12.678046
-200,200,12.738739
-200,200,12.799541
-200,200,13.023585
-200,200,13.08364
-200,200,13.144496
-200,200,13.205055
-200,200,13.265584
-200,200,13.326532
-200,200,13.387012
-200,200,13.447558
-200,200,13.507601
-200,200,13.568459
-200,200,13.629138
-200,200,13.850721
-200,200,13.910949
-200,200,13.971337
-200,200,14.032053
-200,200,14.09276
-200,200,14.153804
-200,200,14.214525
-200,200,14.275168
-200,200,14.335976
-200,200,14.396767
-200,200,14.61949
-200,200,14.679499
-200,200,14.740443
-200,200,14.801292
-200,200,14.862025
-200,200,14.922994
-200,200,14.981868
-200,200,15.04264
-200,200,15.10383
-200,200,15.164526
-200,200,15.386322
-200,200,15.445641
-200,200,15.50665
-200,200,15.567182
-200,200,15.627856
-200,200,15.688401
-200,200,15.749181
-200,200,15.81002
-200,200,15.870608
-200,200,15.930975
-200,200,16.153774
-200,200,16.213011
-200,200,16.273887
-200,200,16.334655
-200,200,16.39537
-200,200,16.455835
-200,200,16.516365
-200,200,16.576779
-200,200,16.638055
-200,200,16.69903
-200,200,16.760162
-200,200,16.981765
-200,200,17.042605
-200,200,17.103518
-200,200,17.164362
-200,200,17.225188
-200,200,17.286101
-200,200,17.346915
-200,200,17.40779
-200,200,17.468759
-200,200,17.52942
-200,200,17.751441
-200,200,17.811941
-200,200,17.873124
-200,200,17.933726
-200,200,17.994638
-200,200,18.055409
-200,200,18.116438
-200,200,18.177359
-200,200,18.238205
-200,200,18.299134
-200,200,18.520975
-200,200,18.580949
-200,200,18.641767
-200,200,18.702944
-200,200,18.764122
-200,200,18.825237
-200,200,18.886017
-200,200,18.946781
-200,200,19.006553
-200,200,19.066329
-200,200,19.292906
-200,200,19.351972
-200,200,19.412272
-200,200,19.473126
-200,200,19.533981
-200,200,19.594875
-200,200,19.655649
-200,200,19.716569
-200,200,19.77695
-200,200,19.837626
-200,200,19.898056
-200,200,20.119205
-200,200,20.178552
-200,200,20.239084
-200,200,20.299035
-200,200,20.357662
-200,200,20.416177
-200,200,20.474902
-200,200,20.534023
-200,200,20.5949
-200,200,20.656147
-200,200,20.878985
-200,200,20.939637
-200,200,21.000949
-200,200,21.062141
-200,200,21.123628
-200,200,21.184897
-200,200,21.246217
-200,200,21.307385
-200,200,21.368983
-200,200,21.42794
-200,200,21.650378
-200,200,21.71031
-200,200,21.771255
-200,200,21.832093
-200,200,21.892681
-200,200,21.953437
-200,200,22.014987
-200,200,22.076373
-200,200,22.137092
-200,200,22.196852
-200,200,22.419131
-200,200,22.477839
-200,200,22.538628
-200,200,22.599228
-200,200,22.658898
-200,200,22.717427
-200,200,22.777762
-200,200,22.838397
-200,200,22.898858
-200,200,22.959612
-200,200,23.181693
-200,200,23.241488
-200,200,23.30275
-200,200,23.363697
-200,200,23.425114
-200,200,23.484428
-200,200,23.544579
-200,200,23.605282
-200,200,23.666133
-200,200,23.727241
-200,200,23.787402
-200,200,24.009869
-200,200,24.070288
-200,200,24.131318
-200,200,24.192431
-200,200,24.25345
-200,200,24.314207
-200,200,24.375218
-200,200,24.435656
-200,200,24.496673
-200,200,24.557052
-200,200,24.779818
-200,200,24.839497
-200,200,24.900508
-200,200,24.961435
-200,200,25.021973
-200,200,25.082886
-200,200,25.14357
-200,200,25.204363
-200,200,25.265817
-200,200,25.327127
-200,200,25.549022
-200,200,25.608772
-200,200,25.669914
-200,200,25.730998
-200,200,25.792131
-200,200,25.853093
-200,200,25.914071
-200,200,25.974841
-200,200,26.035796
-200,200,26.096625
-200,200,26.318605
-200,200,26.378389
-200,200,26.439574
-200,200,26.500471
-200,200,26.561484
-200,200,26.622515
-200,200,26.68343
-200,200,26.7444
-200,200,26.805562
-200,200,26.866605
-200,200,26.92747
-200,200,27.149763
-200,200,27.210748
-200,200,27.272119
-200,200,27.333418
-200,200,27.394698
-200,200,27.456003
-200,200,27.517076
-200,200,27.578332
-200,200,27.639385
-200,200,27.700768
-200,200,27.923253
-200,200,27.983369
-200,200,28.044483
-200,200,28.105614
-200,200,28.1667
-200,200,28.227915
-200,200,28.28898
-200,200,28.350031
-200,200,28.410813
-200,200,28.471966
-200,200,28.694878
-200,200,28.754964
-200,200,28.816874
-200,200,28.878233
-200,200,28.939597
-200,200,29.000743
-200,200,29.062023
-200,200,29.12327
-200,200,29.185095
-200,200,29.243984
-200,200,29.466719
-200,200,29.526263
-200,200,29.584656
-200,200,29.643188
-200,200,29.702138
-200,200,29.760824
-200,200,29.820752
-200,200,29.881812
-200,200,29.942512
-200,200,30.00368
-200,200,30.064663
-200,200,30.286916
-200,200,30.347759
-200,200,30.408976
-200,200,30.471115
-200,200,30.532257
-200,200,30.593671
-200,200,30.655048
-200,200,30.716642
-200,200,30.777766
-200,200,30.838777
-200,200,31.061742
-200,200,31.120888
-200,200,31.179479
-200,200,31.238118
-200,200,31.297101
-200,200,31.355897
-200,200,31.414927
-200,200,31.474414
-200,200,31.534986
-200,200,31.595335
-200,200,31.816883
-200,200,31.876519
-200,200,31.937159
-200,200,31.997927
-200,200,32.058794
-200,200,32.120758
-200,200,32.181689
-200,200,32.242659
-200,200,32.303518
-200,200,32.364413
-200,200,32.586966
-200,200,32.645854
-200,200,32.706528
-200,200,32.767995
-200,200,32.828565
-200,200,32.889341
-200,200,32.949994
-200,200,33.010616
-200,200,33.071318
-200,200,33.132053
-200,200,33.19282
-200,200,33.414581
-200,200,33.474938
-200,200,33.53492
-200,200,33.595579
-200,200,33.654223
-200,200,33.714222
-200,200,33.772955
-200,200,33.832668
-200,200,33.892445
-200,200,33.952892
-200,200,34.17573
-200,200,34.236099
-200,200,34.297049
-200,200,34.357864
-200,200,34.41906
-200,200,34.479888
-200,200,34.538901
-200,200,34.597914
-200,200,34.658699
-200,200,34.719729
-200,200,34.941527
-200,200,35.001192
-200,200,35.061801
-200,200,35.122793
-200,200,35.18294
-200,200,35.243738
-200,200,35.304476
-200,200,35.364937
-200,200,35.422344
-200,200,35.483052
-200,200,35.705024
-200,200,35.765164
-200,200,35.825032
-200,200,35.883758
-200,200,35.942524
-200,200,36.00117
-200,200,36.060516
-200,200,36.120775
-200,200,36.181108
-200,200,36.24257
-200,200,36.303894
-200,200,36.526653
-200,200,36.587278
-200,200,36.647677
-200,200,36.70868
-200,200,36.76948
-200,200,36.830653
-200,200,36.891542
-200,200,36.952408
-200,200,37.013124
-200,200,37.074087
-200,200,37.296197
-200,200,37.355488
-200,200,37.416562
-200,200,37.477512
-200,200,37.538759
-200,200,37.599658
-200,200,37.659091
-200,200,37.719864
-200,200,37.780743
-200,200,37.84193
-200,200,38.064261
-200,200,38.124113
-200,200,38.18527
-200,200,38.246085
-200,200,38.306952
-200,200,38.36767
-200,200,38.428308
-200,200,38.489032
-200,200,38.549918
-200,200,38.610694
-200,200,38.832535
-200,200,38.891719
-200,200,38.952372
-200,200,39.012833
-200,200,39.073445
-200,200,39.133384
-200,200,39.191584
-200,200,39.251194
-200,200,39.310977
-200,200,39.369873
-200,200,39.429396
-200,200,39.652065
-200,200,39.712343
-200,200,39.770988
-200,200,39.829903
-200,200,39.888138
-200,200,39.947967
-200,200,40.008498
-200,200,40.069411
-200,200,40.129164
-200,200,40.188539
-200,200,40.410503
-200,200,40.470962
-200,200,40.528248
-200,200,40.589244
-200,200,40.649973
-200,200,40.71123
-200,200,40.772649
-200,200,40.834033
-200,200,40.893156
-200,200,40.954427
-200,200,41.176988
-200,200,41.237107
-200,200,41.298421
-200,200,41.35941
-200,200,41.420748
-200,200,41.482024
-200,200,41.542911
-200,200,41.60451
-200,200,41.665443
-200,200,41.727089
-200,200,41.949733
-200,200,42.009101
-200,200,42.07006
-200,200,42.131012
-200,200,42.19242
-200,200,42.251011
-200,200,42.309725
-200,200,42.36811
-200,200,42.427901
-200,200,42.487152
-200,200,42.70866
-200,200,42.768877
-200,200,42.829932
-200,200,42.890751
-200,200,42.952043
-200,200,43.013288
-200,200,43.074589
-200,200,43.135284
-200,200,43.196346
-200,200,43.257903
-200,200,43.319221
-200,200,43.543533
-200,200,43.604271
-200,200,43.665339
-200,200,43.726513
-200,200,43.787612
-200,200,43.846662
-200,200,43.905514
-200,200,43.966437
-200,200,44.027743
-200,200,44.0884
-200,200,44.311446
-200,200,44.372205
-200,200,44.433231
-200,200,44.494838
-200,200,44.55372
-200,200,44.612859
-200,200,44.672445
-200,200,44.733392
-200,200,44.794674
-200,200,44.856011
-200,200,45.078946
-200,200,45.138638
-200,200,45.199672
-200,200,45.260943
-200,200,45.322352
-200,200,45.383567
-200,200,45.444742
-200,200,45.505707
-200,200,45.565104
-200,200,45.625149
-200,200,45.848508
-200,200,45.908627
-200,200,45.969758
-200,200,46.03085
-200,200,46.092219
-200,200,46.151343
-200,200,46.210396
-200,200,46.271317
-200,200,46.332047
-200,200,46.393025
-200,200,46.453942
-200,200,46.675597
-200,200,46.736017
-200,200,46.796971
-200,200,46.858408
-200,200,46.919876
-200,200,46.981301
-200,200,47.042932
-200,200,47.103947
-200,200,47.165066
-200,200,47.226259
-200,200,47.449097
-200,200,47.509358
-200,200,47.570538
-200,200,47.631875
-200,200,47.693082
-200,200,47.754447
-200,200,47.815667
-200,200,47.876709
-200,200,47.937788
-200,200,47.99845
-200,200,48.221135
-200,200,48.280914
-200,200,48.341944
-200,200,48.402952
-200,200,48.463548
-200,200,48.524664
-200,200,48.585514
-200,200,48.645904
-200,200,48.706937
-200,200,48.767583
-200,200,48.990083
-200,200,49.049477
-200,200,49.110856
-200,200,49.172143
-200,200,49.233694
-200,200,49.2952
-200,200,49.356733
-200,200,49.418113
-200,200,49.479339
-200,200,49.540478
-200,200,49.601708
-200,200,49.823447
-200,200,49.883904
-200,200,49.945003
-200,200,50.006099
-200,200,50.067289
-200,200,50.128444
-200,200,50.18831
-200,200,50.246739
-200,200,50.305238
-200,200,50.366131
-200,200,50.588104
-200,200,50.648241
-200,200,50.708909
-200,200,50.770011
-200,200,50.830968
-200,200,50.89214
-200,200,50.953317
-200,200,51.014353
-200,200,51.076139
-200,200,51.135488
-200,200,51.357242
-200,200,51.416965
-200,200,51.477689
-200,200,51.538443
-200,200,51.599162
-200,200,51.660314
-200,200,51.720931
-200,200,51.781755
-200,200,51.842335
-200,200,51.902949
-200,200,52.125373
-200,200,52.184743
-200,200,52.244606
-200,200,52.303121
-200,200,52.361655
-200,200,52.420004
-200,200,52.480509
-200,200,52.541063
-200,200,52.602196
-200,200,52.663153
-200,200,52.723801
-200,200,52.945228
-200,200,53.005718
-200,200,53.066824
-200,200,53.128046
-200,200,53.188898
-200,200,53.247925
-200,200,53.306438
-200,200,53.366967
-200,200,53.427469
-200,200,53.488135
-200,200,53.70981
-200,200,53.769715
-200,200,53.831235
-200,200,53.892032
-200,200,53.952885
-200,200,54.013642
-200,200,54.074405
-200,200,54.134073
-200,200,54.1926
-200,200,54.252758
-200,200,54.474849
-200,200,54.534193
-200,200,54.594786
-200,200,54.655005
-200,200,54.71604
-200,200,54.777057
-200,200,54.837314
-200,200,54.898081
-200,200,54.958769
-200,200,55.019632
-200,200,55.243096
-200,200,55.302119
-200,200,55.362531
-200,200,55.423313
-200,200,55.4847
-200,200,55.545917
-200,200,55.607022
-200,200,55.668132
-200,200,55.729117
-200,200,55.790494
-200,200,55.850305
-200,200,56.07401
-200,200,56.134835
-200,200,56.195597
-200,200,56.256456
-200,200,56.317151
-200,200,56.377856
-200,200,56.438345
-200,200,56.498226
-200,200,56.556867
-200,200,56.616156
-200,200,56.838655
-200,200,56.898663
-200,200,56.959453
-200,200,57.020576
-200,200,57.08161
-200,200,57.14257
-200,200,57.203656
-200,200,57.264595
-200,200,57.325606
-200,200,57.38659
-200,200,57.608892
-200,200,57.667241
-200,200,57.726971
-200,200,57.787663
-200,200,57.848317
-200,200,57.909046
-200,200,57.970069
-200,200,58.030771
-200,200,58.091218
-200,200,58.15222
-200,200,58.374308
-200,200,58.433941
-200,200,58.494725
-200,200,58.555113
-200,200,58.61566
-200,200,58.677348
-200,200,58.739221
-200,200,58.800694
-200,200,58.861981
-200,200,58.923732
-200,200,58.984902
-200,200,59.20594
-200,200,59.266703
-200,200,59.327904
-200,200,59.386544
-200,200,59.444876
-200,200,59.503057
-200,200,59.562175
-200,200,59.623049
-200,200,59.684099
-200,200,59.744788
-200,200,59.966233
-200,200,60.026482
-200,200,60.087032
-200,200,60.147398
-200,200,60.208366
-200,200,60.269122
-200,200,60.330023
-200,200,60.389509
-200,200,60.450918
-200,200,60.511643
-200,200,60.733808
-200,200,60.794228
-200,200,60.85362
-200,200,60.914943
-200,200,60.975285
-200,200,61.03515
-200,200,61.095136
-200,200,61.154285
-200,200,61.21255
-200,200,61.272573
-200,200,61.494827
-200,200,61.554266
-200,200,61.615282
-200,200,61.676583
-200,200,61.737965
-200,200,61.799081
-200,200,61.86025
-200,200,61.921441
-200,200,61.982409
-200,200,62.043415
-200,200,62.266385
-200,200,62.326001
-200,200,62.386724
-200,200,62.447741
-200,200,62.50865
-200,200,62.569427
-200,200,62.630312
-200,200,62.691185
-200,200,62.752199
-200,200,62.812892
-200,200,62.873744
-200,200,63.095237
-200,200,63.155563
-200,200,63.216574
-200,200,63.277538
-200,200,63.338423
-200,200,63.399699
-200,200,63.460326
-200,200,63.521076
-200,200,63.581906
-200,200,63.642823
-200,200,63.865177
-200,200,63.925041
-200,200,63.985841
-200,200,64.047243
-200,200,64.108808
-200,200,64.16953
-200,200,64.230627
-200,200,64.291522
-200,200,64.35234
-200,200,64.413136
-200,200,64.635681
-200,200,64.694584
-200,200,64.755189
-200,200,64.815751
-200,200,64.876109
-200,200,64.936527
-200,200,64.997355
-200,200,65.057658
-200,200,65.117544
-200,200,65.177596
-200,200,65.400156
-200,200,65.460324
-200,200,65.521326
-200,200,65.582361
-200,200,65.643637
-200,200,65.704548
-200,200,65.765723
-200,200,65.827231
-200,200,65.885561
-200,200,65.94461
-200,200,66.00317
-200,200,66.226619
-200,200,66.287022
-200,200,66.348108
-200,200,66.409051
-200,200,66.469994
-200,200,66.53071
-200,200,66.591262
-200,200,66.652003
-200,200,66.712605
-200,200,66.77373
-200,200,66.996396
-200,200,67.055961
-200,200,67.116195
-200,200,67.17716
-200,200,67.235737
-200,200,67.296026
-200,200,67.355637
-200,200,67.416298
-200,200,67.476858
-200,200,67.537352
-200,200,67.759378
-200,200,67.818799
-200,200,67.879149
-200,200,67.93978
-200,200,67.998342
-200,200,68.057325
-200,200,68.118436
-200,200,68.180741
-200,200,68.24251
-200,200,68.303748
-200,200,68.525728
-200,200,68.586168
-200,200,68.647043
-200,200,68.708347
-200,200,68.769242
-200,200,68.830424
-200,200,68.891191
-200,200,68.952407
-200,200,69.013553
-200,200,69.073206
-200,200,69.134857
-200,200,69.357518
-200,200,69.417984
-200,200,69.478644
-200,200,69.539317
-200,200,69.60013
-200,200,69.660855
-200,200,69.72134
-200,200,69.7823
-200,200,69.843401
-200,200,69.904513
-200,200,70.126707
-200,200,70.187133
-200,200,70.24667
-200,200,70.306915
-200,200,70.366373
-200,200,70.42476
-200,200,70.484982
-200,200,70.545207
-200,200,70.605916
-200,200,70.666505
-200,200,70.888803
-200,200,70.948626
-200,200,71.009886
-200,200,71.07089
-200,200,71.131982
-200,200,71.193422
-200,200,71.25449
-200,200,71.315387
-200,200,71.376085
-200,200,71.436682
-200,200,71.659045
-200,200,71.71898
-200,200,71.779968
-200,200,71.840864
-200,200,71.901525
-200,200,71.96209
-200,200,72.022732
-200,200,72.08423
-200,200,72.143524
-200,200,72.204518
-200,200,72.265353
-200,200,72.487457
-200,200,72.547918
-200,200,72.608997
-200,200,72.670425
-200,200,72.731421
-200,200,72.792689
-200,200,72.853498
-200,200,72.914637
-200,200,72.975378
-200,200,73.036005
-200,200,73.259027
-200,200,73.319712
-200,200,73.380732
-200,200,73.441437
-200,200,73.502391
-200,200,73.563153
-200,200,73.623867
-200,200,73.684637
-200,200,73.742755
-200,200,73.802178
-200,200,74.024618
-200,200,74.084691
-200,200,74.146003
-200,200,74.20704
-200,200,74.268087
-200,200,74.329049
-200,200,74.389669
-200,200,74.450428
-200,200,74.511251
-200,200,74.572052
-200,200,74.794507
-200,200,74.854087
-200,200,74.912144
-200,200,74.972615
-200,200,75.033489
-200,200,75.093353
-200,200,75.15445
-200,200,75.215005
-200,200,75.276575
-200,200,75.337452
-200,200,75.398102
-200,200,75.61953
-200,200,75.679837
-200,200,75.741074
-200,200,75.799703
-200,200,75.8584
-200,200,75.919377
-200,200,75.979853
-200,200,76.040776
-200,200,76.101803
-200,200,76.162648
-200,200,76.383456
-200,200,76.443658
-200,200,76.502068
-200,200,76.561104
-200,200,76.621838
-200,200,76.68286
-200,200,76.743487
-200,200,76.80379
-200,200,76.863309
-200,200,76.922114
-200,200,77.145097
-200,200,77.205499
-200,200,77.266701
-200,200,77.326288
-200,200,77.386562
-200,200,77.447328
-200,200,77.508194
-200,200,77.568943
-200,200,77.629928
-200,200,77.690563
-200,200,77.912957
-200,200,77.972625
-200,200,78.033443
-200,200,78.094025
-200,200,78.154779
-200,200,78.213321
-200,200,78.272119
-200,200,78.332941
-200,200,78.393401
-200,200,78.454396
-200,200,78.515252
-200,200,78.736092
-200,200,78.797054
-200,200,78.858081
-200,200,78.919161
-200,200,78.979939
-200,200,79.04086
-200,200,79.10194
-200,200,79.162813
-200,200,79.223701
-200,200,79.2846
-200,200,79.505619
-200,200,79.566013
-200,200,79.626666
-200,200,79.687613
-200,200,79.748248
-200,200,79.809269
-200,200,79.869846
-200,200,79.93068
-200,200,79.991249
-200,200,80.052235
-200,200,80.275673
-200,200,80.335769
-200,200,80.395306
-200,200,80.454784
-200,200,80.516294
-200,200,80.577601
-200,200,80.638547
-200,200,80.699876
-200,200,80.761008
-200,200,80.822239
-200,200,81.045938
-200,200,81.105785
-200,200,81.166918
-200,200,81.228065
-200,200,81.288826
-200,200,81.350159
-200,200,81.411347
-200,200,81.472632
-200,200,81.533859
-200,200,81.593469
-200,200,81.815072
-200,200,81.875138
-200,200,81.935504
-200,200,81.996361
-200,200,82.056601
-200,200,82.117592
-200,200,82.178323
-200,200,82.239043
-200,200,82.298982
-200,200,82.357796
-200,200,82.416116
-200,200,82.638025
-200,200,82.698061
-200,200,82.75936
-200,200,82.820456
-200,200,82.880924
-200,200,82.940354
-200,200,82.999027
-200,200,83.057927
-200,200,83.118714
-200,200,83.178935
-200,200,83.403086
-200,200,83.463318
-200,200,83.524418
-200,200,83.586402
-200,200,83.647437
-200,200,83.708313
-200,200,83.769256
-200,200,83.830296
-200,200,83.891223
-200,200,83.952827
-200,200,84.175117
-200,200,84.234688
-200,200,84.296098
-200,200,84.35757
-200,200,84.418688
-200,200,84.479882
-200,200,84.54143
-200,200,84.602473
-200,200,84.663672
-200,200,84.72488
-200,200,84.947475
-200,200,85.007406
-200,200,85.067744
-200,200,85.129766
-200,200,85.190761
-200,200,85.251961
-200,200,85.312896
-200,200,85.373739
-200,200,85.435405
-200,200,85.4968
-200,200,85.557798
-200,200,85.779584
-200,200,85.8403
-200,200,85.900072
-200,200,85.958366
-200,200,86.018707
-200,200,86.079135
-200,200,86.139643
-200,200,86.200996
-200,200,86.261602
-200,200,86.32266
-200,200,86.544583
-200,200,86.604491
-200,200,86.665285
-200,200,86.724062
-200,200,86.78363
-200,200,86.844637
-200,200,86.905595
-200,200,86.966577
-200,200,87.027531
-200,200,87.088705
-200,200,87.312955
-200,200,87.372382
-200,200,87.433901
-200,200,87.495368
-200,200,87.55665
-200,200,87.618238
-200,200,87.679704
-200,200,87.739814
-200,200,87.79948
-200,200,87.85837
-200,200,88.082261
-200,200,88.141416
-200,200,88.20026
-200,200,88.258951
-200,200,88.319656
-200,200,88.380789
-200,200,88.441775
-200,200,88.502963
-200,200,88.563981
-200,200,88.625416
-200,200,88.686348
-200,200,88.908986
-200,200,88.969929
-200,200,89.031538
-200,200,89.093181
-200,200,89.155076
-200,200,89.21649
-200,200,89.277769
-200,200,89.339251
-200,200,89.400147
-200,200,89.46166
-200,200,89.684416
-200,200,89.744797
-200,200,89.806123
-200,200,89.867476
-200,200,89.928762
-200,200,89.99005
-200,200,90.051203
-200,200,90.112462
-200,200,90.173736
-200,200,90.234943
-200,200,90.457792
-200,200,90.51766
-200,200,90.57897
-200,200,90.640277
-200,200,90.701534
-200,200,90.762705
-200,200,90.823824
-200,200,90.884775
-200,200,90.945791
-200,200,91.00687
-200,200,91.22922
-200,200,91.288903
-200,200,91.350184
-200,200,91.41148
-200,200,91.472914
-200,200,91.53424
-200,200,91.595564
-200,200,91.656855
-200,200,91.718183
-200,200,91.779515
-200,200,91.840734
-200,200,92.062958
-200,200,92.12396
-200,200,92.185268
-200,200,92.246542
-200,200,92.307834
-200,200,92.369344
-200,200,92.430334
-200,200,92.491498
-200,200,92.552457
-200,200,92.613669
-200,200,92.836732
-200,200,92.89782
-200,200,92.959046
-200,200,93.020176
-200,200,93.080998
-200,200,93.14305
-200,200,93.204082
-200,200,93.265184
-200,200,93.325933
-200,200,93.386882
-200,200,93.609365
-200,200,93.669194
-200,200,93.730436
-200,200,93.79208
-200,200,93.853562
-200,200,93.914905
-200,200,93.975971
-200,200,94.03458
-200,200,94.094293
-200,200,94.155201
-200,200,94.377175
-200,200,94.436615
-200,200,94.497738
-200,200,94.55882
-200,200,94.61971
-200,200,94.680436
-200,200,94.741243
-200,200,94.802106
-200,200,94.862903
-200,200,94.923538
-200,200,94.983558
-200,200,95.206339
-200,200,95.267568
-200,200,95.328432
-200,200,95.38966
-200,200,95.450594
-200,200,95.511777
-200,200,95.572382
-200,200,95.63331
-200,200,95.694013
-200,200,95.754848
-200,200,95.976445
-200,200,96.035033
-200,200,96.094588
-200,200,96.155613
-200,200,96.215191
-200,200,96.274209
-200,200,96.335011
-200,200,96.395971
-200,200,96.457207
-200,200,96.518498
-200,200,96.740968
-200,200,96.800583
-200,200,96.860945
-200,200,96.919868
-200,200,96.978486
-200,200,97.037786
-200,200,97.098891
-200,200,97.160069
-200,200,97.22134
-200,200,97.282389
-200,200,97.505386
-200,200,97.565266
-200,200,97.626829
-200,200,97.687949
-200,200,97.74665
-200,200,97.807703
-200,200,97.869413
-200,200,97.928166
-200,200,97.987225
-200,200,98.04826
-200,200,98.109694
-200,200,98.332378
-200,200,98.393268
-200,200,98.454072
-200,200,98.514453
-200,200,98.574844
-200,200,98.635565
-200,200,98.696038
-200,200,98.756755
-200,200,98.816423
-200,200,98.875061
-200,200,99.098251
-200,200,99.158978
-200,200,99.220368
-200,200,99.281745
-200,200,99.34296
-200,200,99.404363
-200,200,99.46562
-200,200,99.526817
-200,200,99.588061
-200,200,99.649306
-200,200,99.872708
-200,200,99.933076
-200,200,99.994342
-200,200,100.05554
-200,200,100.116885
-200,200,100.177653
-200,200,100.238732
-200,200,100.300416
-200,200,100.361342
-200,200,100.422436
-200,200,100.645435
-200,200,100.705423
-200,200,100.766559
-200,200,100.827933
-200,200,100.889125
-200,200,100.950255
-200,200,101.010453
-200,200,101.068952
-200,200,101.129339
-200,200,101.190373
-200,200,101.413535
-200,200,101.474587
-200,200,101.533592
-200,200,101.594059
-200,200,101.654491
-200,200,101.715029
-200,200,101.775613
-200,200,101.836269
-200,200,101.896958
-200,200,101.957533
-200,200,102.018005
-200,200,102.239604
-200,200,102.299754
-200,200,102.360546
-200,200,102.421023
-200,200,102.481705
-200,200,102.542211
-200,200,102.602872
-200,200,102.663622
-200,200,102.724901
-200,200,102.785446
-200,200,103.005941
-200,200,103.064633
-200,200,103.123781
-200,200,103.182259
-200,200,103.240508
-200,200,103.300094
-200,200,103.361243
-200,200,103.420741
-200,200,103.479223
-200,200,103.539145
-200,200,103.760595
-200,200,103.820721
-200,200,103.882015
-200,200,103.942799
-200,200,104.003716
-200,200,104.064721
-200,200,104.126293
-200,200,104.187532
-200,200,104.248524
-200,200,104.308524
-200,200,104.530905
-200,200,104.590738
-200,200,104.651602
-200,200,104.712998
-200,200,104.77435
-200,200,104.835552
-200,200,104.89663
-200,200,104.957663
-200,200,105.018555
-200,200,105.079447
-200,200,105.14049
-200,200,105.36254
-200,200,105.422983
-200,200,105.483931
-200,200,105.544528
-200,200,105.605383
-200,200,105.666196
-200,200,105.727273
-200,200,105.788407
-200,200,105.849359
-200,200,105.909938
-200,200,106.13212
-200,200,106.192344
-200,200,106.253334
-200,200,106.314309
-200,200,106.375024
-200,200,106.435914
-200,200,106.496642
-200,200,106.557168
-200,200,106.61796
-200,200,106.678723
-200,200,106.900679
-200,200,106.960076
-200,200,107.020872
-200,200,107.081545
-200,200,107.142608
-200,200,107.203462
-200,200,107.264343
-200,200,107.325255
-200,200,107.386141
-200,200,107.446995
-200,200,107.669268
-200,200,107.728709
-200,200,107.789587
-200,200,107.85026
-200,200,107.911052
-200,200,107.971479
-200,200,108.031865
-200,200,108.09244
-200,200,108.152958
-200,200,108.213566
-200,200,108.274131
-200,200,108.495964
-200,200,108.555902
-200,200,108.61673
-200,200,108.677203
-200,200,108.737858
-200,200,108.798724
-200,200,108.859342
-200,200,108.91995
-200,200,108.980496
-200,200,109.041282
-200,200,109.2627
-200,200,109.322715
-200,200,109.38359
-200,200,109.444631
-200,200,109.505603
-200,200,109.566693
-200,200,109.627443
-200,200,109.688389
-200,200,109.749146
-200,200,109.809663
-200,200,110.03167
-200,200,110.091809
-200,200,110.150373
-200,200,110.210994
-200,200,110.271981
-200,200,110.33318
-200,200,110.39453
-200,200,110.45538
-200,200,110.514734
-200,200,110.574337
-200,200,110.796794
-200,200,110.856065
-200,200,110.916565
-200,200,110.977251
-200,200,111.037664
-200,200,111.098199
-200,200,111.158834
-200,200,111.219095
-200,200,111.280169
-200,200,111.340955
-200,200,111.401649
-200,200,111.622777
-200,200,111.68364
-200,200,111.744324
-200,200,111.805128
-200,200,111.865739
-200,200,111.926582
-200,200,111.987128
-200,200,112.04796
-200,200,112.108561
-200,200,112.16938
-200,200,112.391381
-200,200,112.451084
-200,200,112.511958
-200,200,112.572313
-200,200,112.633183
-200,200,112.69383
-200,200,112.754423
-200,200,112.815305
-200,200,112.876049
-200,200,112.936556
-200,200,113.159381
-200,200,113.220427
-200,200,113.281356
-200,200,113.342493
-200,200,113.403546
-200,200,113.464437
-200,200,113.525356
-200,200,113.586324
-200,200,113.647892
-200,200,113.708946
-200,200,113.931647
-200,200,113.99144
-200,200,114.052365
-200,200,114.113723
-200,200,114.174745
-200,200,114.234794
-200,200,114.293447
-200,200,114.35226
-200,200,114.411017
-200,200,114.469876
-200,200,114.528828
-200,200,114.750935
-200,200,114.811862
-200,200,114.873129
-200,200,114.934281
-200,200,114.9954
-200,200,115.056849
-200,200,115.117431
-200,200,115.175973
-200,200,115.235966
-200,200,115.296357
-200,200,115.518991
-200,200,115.57916
-200,200,115.640401
-200,200,115.701404
-200,200,115.762464
-200,200,115.823696
-200,200,115.884843
-200,200,115.944072
-200,200,116.005266
-200,200,116.066087
-200,200,116.288662
-200,200,116.348792
-200,200,116.410037
-200,200,116.470927
-200,200,116.532442
-200,200,116.593642
-200,200,116.654804
-200,200,116.713298
-200,200,116.773491
-200,200,116.834585
-200,200,117.056894
-200,200,117.116377
-200,200,117.177445
-200,200,117.23843
-200,200,117.299172
-200,200,117.360365
-200,200,117.420792
-200,200,117.481919
-200,200,117.54329
-200,200,117.604489
-200,200,117.66547
-200,200,117.887476
-200,200,117.948957
-200,200,118.010179
-200,200,118.071644
-200,200,118.132729
-200,200,118.194236
-200,200,118.255731
-200,200,118.316869
-200,200,118.378196
-200,200,118.439365
-200,200,118.660922
-200,200,118.721714
-200,200,118.782829
-200,200,118.842732
-200,200,118.90138
-200,200,118.960537
-200,200,119.019775
-200,200,119.080087
-200,200,119.141016
-200,200,119.201642
-200,200,119.423059
-200,200,119.482634
-200,200,119.542883
-200,200,119.603696
-200,200,119.664647
-200,200,119.725852
-200,200,119.786521
-200,200,119.847607
-200,200,119.908771
-200,200,119.969561
-200,200,120.19337
-200,200,120.252954
-200,200,120.313895
-200,200,120.374999
-200,200,120.435815
-200,200,120.49676
-200,200,120.557775
-200,200,120.618355
-200,200,120.679062
-200,200,120.739948
-200,200,120.963278
-200,200,121.023329
-200,200,121.084576
-200,200,121.145893
-200,200,121.207266
-200,200,121.268479
-200,200,121.329849
-200,200,121.391016
-200,200,121.4521
-200,200,121.51346
-200,200,121.574611
-200,200,121.797545
-200,200,121.858338
-200,200,121.919476
-200,200,121.980928
-200,200,122.04218
-200,200,122.103603
-200,200,122.164934
-200,200,122.226353
-200,200,122.28777
-200,200,122.349374
-200,200,122.57241
-200,200,122.632652
-200,200,122.694095
-200,200,122.755961
-200,200,122.817514
-200,200,122.878848
-200,200,122.940263
-200,200,123.00174
-200,200,123.063425
-200,200,123.124893
-200,200,123.348166
-200,200,123.408273
-200,200,123.469538
-200,200,123.530669
-200,200,123.591779
-200,200,123.653027
-200,200,123.714266
-200,200,123.77536
-200,200,123.83651
-200,200,123.897755
-200,200,124.120629
-200,200,124.180684
-200,200,124.242203
-200,200,124.303432
-200,200,124.364575
-200,200,124.425715
-200,200,124.486849
-200,200,124.547612
-200,200,124.608624
-200,200,124.669456
-200,200,124.730384
-200,200,124.952262
-200,200,125.012794
-200,200,125.073842
-200,200,125.134555
-200,200,125.195437
-200,200,125.256658
-200,200,125.31765
-200,200,125.378679
-200,200,125.439296
-200,200,125.500338
-200,200,125.724262
-200,200,125.78288
-200,200,125.841172
-200,200,125.900941
-200,200,125.961537
-200,200,126.022275
-200,200,126.082927
-200,200,126.144101
-200,200,126.204488
-200,200,126.265253
-200,200,126.486575
-200,200,126.545955
-200,200,126.606309
-200,200,126.666993
-200,200,126.72761
-200,200,126.788407
-200,200,126.849128
-200,200,126.909746
-200,200,126.968199
-200,200,127.029153
-200,200,127.250908
-200,200,127.310488
-200,200,127.370822
-200,200,127.431588
-200,200,127.492087
-200,200,127.552589
-200,200,127.613392
-200,200,127.672186
-200,200,127.73092
-200,200,127.790397
-200,200,127.851243
-200,200,128.072261
-200,200,128.132925
-200,200,128.193879
-200,200,128.255566
-200,200,128.316692
-200,200,128.377912
-200,200,128.438742
-200,200,128.499738
-200,200,128.561229
-200,200,128.62236
-200,200,128.845717
-200,200,128.905468
-200,200,128.965469
-200,200,129.026382
-200,200,129.0873
-200,200,129.147794
-200,200,129.208482
-200,200,129.269168
-200,200,129.329845
-200,200,129.390411
-200,200,129.612447
-200,200,129.672276
-200,200,129.733309
-200,200,129.79401
-200,200,129.855161
-200,200,129.915665
-200,200,129.976586
-200,200,130.037231
-200,200,130.09826
-200,200,130.157113
-200,200,130.379202
-200,200,130.439049
-200,200,130.500107
-200,200,130.56121
-200,200,130.622324
-200,200,130.683324
-200,200,130.744447
-200,200,130.805494
-200,200,130.866325
-200,200,130.927293
-200,200,130.988716
-200,200,131.210171
-200,200,131.270918
-200,200,131.332007
-200,200,131.393122
-200,200,131.453638
-200,200,131.514347
-200,200,131.575074
-200,200,131.635711
-200,200,131.696719
-200,200,131.758139
-200,200,131.980147
-200,200,132.04074
-200,200,132.101524
-200,200,132.162591
-200,200,132.223615
-200,200,132.284571
-200,200,132.345617
-200,200,132.406569
-200,200,132.467274
-200,200,132.527963
-200,200,132.750231
-200,200,132.81011
-200,200,132.871318
-200,200,132.932467
-200,200,132.992857
-200,200,133.053795
-200,200,133.114506
-200,200,133.175032
-200,200,133.235737
-200,200,133.296535
-200,200,133.519103
-200,200,133.578543
-200,200,133.639444
-200,200,133.700228
-200,200,133.760959
-200,200,133.821994
-200,200,133.882864
-200,200,133.94352
-200,200,134.00435
-200,200,134.064903
-200,200,134.125525
-200,200,134.346647
-200,200,134.406851
-200,200,134.467654
-200,200,134.528382
-200,200,134.589699
-200,200,134.650033
-200,200,134.710551
-200,200,134.771665
-200,200,134.832219
-200,200,134.892954
-200,200,135.115136
-200,200,135.175635
-200,200,135.237163
-200,200,135.29793
-200,200,135.358749
-200,200,135.419484
-200,200,135.480377
-200,200,135.541247
-200,200,135.602068
-200,200,135.663031
-200,200,135.88543
-200,200,135.945329
-200,200,136.00633
-200,200,136.067629
-200,200,136.128574
-200,200,136.189328
-200,200,136.249893
-200,200,136.310407
-200,200,136.370925
-200,200,136.431604
-200,200,136.653471
-200,200,136.713299
-200,200,136.774153
-200,200,136.834976
-200,200,136.895735
-200,200,136.955427
-200,200,137.013868
-200,200,137.074208
-200,200,137.135511
-200,200,137.194189
-200,200,137.252856
-200,200,137.474157
-200,200,137.534949
-200,200,137.594002
-200,200,137.654035
-200,200,137.715125
-200,200,137.776245
-200,200,137.837337
-200,200,137.898477
-200,200,137.959565
-200,200,138.020671
-200,200,138.244356
-200,200,138.305517
-200,200,138.366878
-200,200,138.427881
-200,200,138.488881
-200,200,138.549967
-200,200,138.611141
-200,200,138.673375
-200,200,138.734699
-200,200,138.796041
-200,200,139.01819
-200,200,139.078278
-200,200,139.140328
-200,200,139.201844
-200,200,139.263326
-200,200,139.324822
-200,200,139.386285
-200,200,139.446941
-200,200,139.508016
-200,200,139.56853
-200,200,139.791777
-200,200,139.851932
-200,200,139.913186
-200,200,139.974397
-200,200,140.035556
-200,200,140.096789
-200,200,140.158034
-200,200,140.219263
-200,200,140.280473
-200,200,140.341775
-200,200,140.565065
-200,200,140.625051
-200,200,140.686185
-200,200,140.747387
-200,200,140.808585
-200,200,140.869899
-200,200,140.930995
-200,200,140.992702
-200,200,141.05396
-200,200,141.115272
-200,200,141.17653
-200,200,141.398765
-200,200,141.459249
-200,200,141.52035
-200,200,141.581377
-200,200,141.642309
-200,200,141.703466
-200,200,141.764724
-200,200,141.82602
-200,200,141.886985
-200,200,141.947919
-200,200,142.170426
-200,200,142.227223
-200,200,142.288307
-200,200,142.350122
-200,200,142.41117
-200,200,142.471359
-200,200,142.530684
-200,200,142.590362
-200,200,142.648628
-200,200,142.709011
-200,200,142.931161
-200,200,142.990399
-200,200,143.050905
-200,200,143.112004
-200,200,143.173156
-200,200,143.234695
-200,200,143.295663
-200,200,143.356219
-200,200,143.417362
-200,200,143.477094
-200,200,143.697335
-200,200,143.757461
-200,200,143.817014
-200,200,143.875896
-200,200,143.934384
-200,200,143.994739
-200,200,144.055702
-200,200,144.116955
-200,200,144.178203
-200,200,144.239534
-200,200,144.300813
-200,200,144.522638
-200,200,144.583606
-200,200,144.644896
-200,200,144.706359
-200,200,144.767544
-200,200,144.829029
-200,200,144.890318
-200,200,144.951659
-200,200,145.012833
-200,200,145.074297
-200,200,145.296283
-200,200,145.356104
-200,200,145.415721
-200,200,145.476392
-200,200,145.537119
-200,200,145.598234
-200,200,145.658723
-200,200,145.719501
-200,200,145.781177
-200,200,145.842044
-200,200,146.063641
-200,200,146.123288
-200,200,146.18482
-200,200,146.246536
-200,200,146.307843
-200,200,146.369017
-200,200,146.430056
-200,200,146.491369
-200,200,146.552593
-200,200,146.613702
-200,200,146.835959
-200,200,146.895912
-200,200,146.957476
-200,200,147.018781
-200,200,147.08022
-200,200,147.1399
-200,200,147.200866
-200,200,147.261582
-200,200,147.321177
-200,200,147.381812
-200,200,147.442092
-200,200,147.66385
-200,200,147.724461
-200,200,147.785492
-200,200,147.846316
-200,200,147.907277
-200,200,147.96823
-200,200,148.029062
-200,200,148.088449
-200,200,148.148687
-200,200,148.209549
-200,200,148.432108
-200,200,148.492628
-200,200,148.553675
-200,200,148.614707
-200,200,148.675245
-200,200,148.736118
-200,200,148.797035
-200,200,148.858242
-200,200,148.919144
-200,200,148.979988
-200,200,149.205117
-200,200,149.265392
-200,200,149.326125
-200,200,149.386701
-200,200,149.447694
-200,200,149.50649
-200,200,149.565087
-200,200,149.623742
-200,200,149.684633
-200,200,149.745883
-200,200,149.969639
-200,200,150.029191
-200,200,150.090549
-200,200,150.151905
-200,200,150.213094
-200,200,150.274299
-200,200,150.335274
-200,200,150.396154
-200,200,150.456831
-200,200,150.517711
-200,200,150.578664
-200,200,150.800283
-200,200,150.860636
-200,200,150.921638
-200,200,150.983442
-200,200,151.044101
-200,200,151.105376
-200,200,151.166198
-200,200,151.2272
-200,200,151.288403
-200,200,151.349389
-200,200,151.572222
-200,200,151.632602
-200,200,151.693574
-200,200,151.75231
-200,200,151.810746
-200,200,151.86927
-200,200,151.927649
-200,200,151.986893
-200,200,152.047262
-200,200,152.108231
-200,200,152.331047
-200,200,152.389581
-200,200,152.448535
-200,200,152.509103
-200,200,152.570361
-200,200,152.631452
-200,200,152.692684
-200,200,152.753913
-200,200,152.815162
-200,200,152.87636
-200,200,153.098374
-200,200,153.158209
-200,200,153.2191
-200,200,153.280043
-200,200,153.340641
-200,200,153.401551
-200,200,153.462174
-200,200,153.522684
-200,200,153.583532
-200,200,153.644189
-200,200,153.704717
-200,200,153.926358
-200,200,153.987428
-200,200,154.048543
-200,200,154.109817
-200,200,154.171207
-200,200,154.23228
-200,200,154.29327
-200,200,154.354234
-200,200,154.415725
-200,200,154.476379
-200,200,154.700341
-200,200,154.759125
-200,200,154.819963
-200,200,154.880883
-200,200,154.941541
-200,200,155.001789
-200,200,155.062268
-200,200,155.122703
-200,200,155.182654
-200,200,155.241637
-200,200,155.463422
-200,200,155.521918
-200,200,155.58058
-200,200,155.639271
-200,200,155.699138
-200,200,155.760114
-200,200,155.821155
-200,200,155.881876
-200,200,155.942763
-200,200,156.003531
-200,200,156.227126
-200,200,156.287655
-200,200,156.347506
-200,200,156.408714
-200,200,156.469933
-200,200,156.531253
-200,200,156.592098
-200,200,156.653284
-200,200,156.71291
-200,200,156.772144
-200,200,156.833346
-200,200,157.056403
-200,200,157.118054
-200,200,157.179291
-200,200,157.240539
-200,200,157.301573
-200,200,157.362739
-200,200,157.424113
-200,200,157.482465
-200,200,157.54364
-200,200,157.604563
-200,200,157.828053
-200,200,157.888272
-200,200,157.948959
-200,200,158.009557
-200,200,158.070199
-200,200,158.131504
-200,200,158.191951
-200,200,158.252527
-200,200,158.313555
-200,200,158.374324
-200,200,158.596841
-200,200,158.656365
-200,200,158.717328
-200,200,158.778005
-200,200,158.838856
-200,200,158.898474
-200,200,158.956761
-200,200,159.017453
-200,200,159.078128
-200,200,159.138535
-200,200,159.360604
-200,200,159.419807
-200,200,159.480341
-200,200,159.539185
-200,200,159.598007
-200,200,159.656534
-200,200,159.716247
-200,200,159.777115
-200,200,159.838088
-200,200,159.899088
-200,200,160.121776
-200,200,160.181503
-200,200,160.242689
-200,200,160.30389
-200,200,160.365419
-200,200,160.426771
-200,200,160.487582
-200,200,160.54874
-200,200,160.610195
-200,200,160.671026
-200,200,160.732455
-200,200,160.954373
-200,200,161.014772
-200,200,161.075828
-200,200,161.13692
-200,200,161.19802
-200,200,161.259194
-200,200,161.320295
-200,200,161.381156
-200,200,161.441972
-200,200,161.503195
-200,200,161.725167
-200,200,161.78521
-200,200,161.846265
-200,200,161.907201
-200,200,161.968002
-200,200,162.0291
-200,200,162.089827
-200,200,162.150695
-200,200,162.211684
-200,200,162.272825
-200,200,162.495016
-200,200,162.553445
-200,200,162.614585
-200,200,162.675549
-200,200,162.736381
-200,200,162.797112
-200,200,162.857927
-200,200,162.918586
-200,200,162.980025
-200,200,163.041105
-200,200,163.263351
-200,200,163.323577
-200,200,163.384955
-200,200,163.445791
-200,200,163.507003
-200,200,163.567959
-200,200,163.629096
-200,200,163.69028
-200,200,163.751594
-200,200,163.812649
-200,200,163.87374
-200,200,164.095267
-200,200,164.156031
-200,200,164.216946
-200,200,164.278016
-200,200,164.339124
-200,200,164.400154
-200,200,164.46114
-200,200,164.521653
-200,200,164.582323
-200,200,164.643247
-200,200,164.868935
-200,200,164.929429
-200,200,164.991041
-200,200,165.052161
-200,200,165.113336
-200,200,165.174639
-200,200,165.235849
-200,200,165.295775
-200,200,165.35661
-200,200,165.418112
-200,200,165.641482
-200,200,165.701674
-200,200,165.76305
-200,200,165.825166
-200,200,165.886133
-200,200,165.947183
-200,200,166.007932
-200,200,166.068959
-200,200,166.129794
-200,200,166.191009
-200,200,166.413167
-200,200,166.472833
-200,200,166.534288
-200,200,166.595383
-200,200,166.656716
-200,200,166.717862
-200,200,166.779335
-200,200,166.838088
-200,200,166.897253
-200,200,166.955771
-200,200,167.014562
-200,200,167.235858
-200,200,167.296051
-200,200,167.356786
-200,200,167.417591
-200,200,167.478506
-200,200,167.537106
-200,200,167.596064
-200,200,167.657207
-200,200,167.717523
-200,200,167.777596
-200,200,167.998555
-200,200,168.058112
-200,200,168.119263
-200,200,168.179904
-200,200,168.241469
-200,200,168.302315
-200,200,168.363045
-200,200,168.423523
-200,200,168.483999
-200,200,168.544633
-200,200,168.766341
-200,200,168.826984
-200,200,168.887787
-200,200,168.948475
-200,200,169.009761
-200,200,169.070599
-200,200,169.131549
-200,200,169.192165
-200,200,169.252803
-200,200,169.31354
-200,200,169.535245
-200,200,169.594406
-200,200,169.655019
-200,200,169.715434
-200,200,169.776263
-200,200,169.836811
-200,200,169.897416
-200,200,169.957981
-200,200,170.018611
-200,200,170.078929
-200,200,170.139898
-200,200,170.3599
-200,200,170.419336
-200,200,170.477839
-200,200,170.53651
-200,200,170.595421
-200,200,170.654078
-200,200,170.713796
-200,200,170.774899
-200,200,170.835979
-200,200,170.897096
-200,200,171.119653
-200,200,171.180087
-200,200,171.241449
-200,200,171.302552
-200,200,171.363836
-200,200,171.42495
-200,200,171.486422
-200,200,171.547197
-200,200,171.608863
-200,200,171.669489
-200,200,171.892227
-200,200,171.95223
-200,200,172.013775
-200,200,172.074917
-200,200,172.136518
-200,200,172.198383
-200,200,172.259555
-200,200,172.320857
-200,200,172.382087
-200,200,172.443197
-200,200,172.665652
-200,200,172.725912
-200,200,172.787
-200,200,172.848156
-200,200,172.907832
-200,200,172.968609
-200,200,173.029703
-200,200,173.091056
-200,200,173.152729
-200,200,173.213078
-200,200,173.273851
-200,200,173.496116
-200,200,173.557351
-200,200,173.618711
-200,200,173.679973
-200,200,173.741058
-200,200,173.802478
-200,200,173.863731
-200,200,173.925099
-200,200,173.986388
-200,200,174.047694
-200,200,174.270193
-200,200,174.330505
-200,200,174.391339
-200,200,174.452197
-200,200,174.513171
-200,200,174.574479
-200,200,174.635469
-200,200,174.696604
-200,200,174.757767
-200,200,174.819336
-200,200,175.041884
-200,200,175.102033
-200,200,175.163457
-200,200,175.224897
-200,200,175.286288
-200,200,175.347626
-200,200,175.409046
-200,200,175.467554
-200,200,175.52716
-200,200,175.587679
-200,200,175.810705
-200,200,175.870742
-200,200,175.931347
-200,200,175.992256
-200,200,176.052752
-200,200,176.113808
-200,200,176.174464
-200,200,176.23524
-200,200,176.296359
-200,200,176.356955
-200,200,176.416524
-200,200,176.638413
-200,200,176.698956
-200,200,176.759707
-200,200,176.820544
-200,200,176.881306
-200,200,176.942115
-200,200,177.002912
-200,200,177.063669
-200,200,177.1244
-200,200,177.18503
-200,200,177.406238
-200,200,177.466121
-200,200,177.526688
-200,200,177.587261
-200,200,177.647897
-200,200,177.70772
-200,200,177.768579
-200,200,177.829439
-200,200,177.890718
-200,200,177.951486
-200,200,178.173922
-200,200,178.233461
-200,200,178.294315
-200,200,178.35527
-200,200,178.416104
-200,200,178.477051
-200,200,178.538071
-200,200,178.598542
-200,200,178.659346
-200,200,178.720717
-200,200,178.943552
-200,200,179.002747
-200,200,179.06349
-200,200,179.124399
-200,200,179.185195
-200,200,179.246217
-200,200,179.307862
-200,200,179.368619
-200,200,179.429742
-200,200,179.489944
-200,200,179.711456
-200,200,179.771091
-200,200,179.831642
-200,200,179.893182
-200,200,179.95188
-200,200,180.011005
-200,200,180.071452
-200,200,180.131918
-200,200,180.193016
-200,200,180.253603
-200,200,180.313506
-200,200,180.534472
-200,200,180.594779
-200,200,180.655454
-200,200,180.716249
-200,200,180.776981
-200,200,180.8376
-200,200,180.898302
-200,200,180.958943
-200,200,181.019376
-200,200,181.079984
-200,200,181.30181
-200,200,181.361362
-200,200,181.422521
-200,200,181.483239
-200,200,181.543414
-200,200,181.604427
-200,200,181.664906
-200,200,181.726091
-200,200,181.786813
-200,200,181.847656
-200,200,182.069649
-200,200,182.129741
-200,200,182.190813
-200,200,182.251815
-200,200,182.312747
-200,200,182.373772
-200,200,182.434631
-200,200,182.49577
-200,200,182.556887
-200,200,182.618062
-200,200,182.840245
-200,200,182.899934
-200,200,182.960701
-200,200,183.021623
-200,200,183.08255
-200,200,183.143478
-200,200,183.204451
-200,200,183.265519
-200,200,183.326422
-200,200,183.387131
-200,200,183.448021
-200,200,183.670849
-200,200,183.731122
-200,200,183.792237
-200,200,183.853116
-200,200,183.913892
-200,200,183.974397
-200,200,184.034847
-200,200,184.095593
-200,200,184.156395
-200,200,184.21718
-200,200,184.439167
-200,200,184.498955
-200,200,184.559505
-200,200,184.620147
-200,200,184.680333
-200,200,184.741131
-200,200,184.801945
-200,200,184.862745
-200,200,184.923705
-200,200,184.984162
-200,200,185.20656
-200,200,185.26578
-200,200,185.326347
-200,200,185.387124
-200,200,185.447798
-200,200,185.50876
-200,200,185.56959
-200,200,185.630264
-200,200,185.691122
-200,200,185.752032
-200,200,185.974532
-200,200,186.033517
-200,200,186.094288
-200,200,186.155171
-200,200,186.215982
-200,200,186.276661
-200,200,186.337328
-200,200,186.397962
-200,200,186.458529
-200,200,186.519198
-200,200,186.579888
-200,200,186.802188
-200,200,186.862529
-200,200,186.923499
-200,200,186.984354
-200,200,187.045198
-200,200,187.10615
-200,200,187.167002
-200,200,187.227815
-200,200,187.288551
-200,200,187.349345
-200,200,187.570954
-200,200,187.630948
-200,200,187.691817
-200,200,187.752684
-200,200,187.813702
-200,200,187.874496
-200,200,187.934962
-200,200,187.99565
-200,200,188.056133
-200,200,188.116871
-200,200,188.339317
-200,200,188.398836
-200,200,188.459564
-200,200,188.52022
-200,200,188.580614
-200,200,188.641418
-200,200,188.702271
-200,200,188.762933
-200,200,188.824201
-200,200,188.885154
-200,200,189.107424
-200,200,189.167409
-200,200,189.228417
-200,200,189.289411
-200,200,189.350367
-200,200,189.411387
-200,200,189.472
-200,200,189.532828
-200,200,189.593592
-200,200,189.654219
-200,200,189.715181
-200,200,189.936879
-200,200,189.997435
-200,200,190.058194
-200,200,190.119163
-200,200,190.180061
-200,200,190.240992
-200,200,190.301899
-200,200,190.362772
-200,200,190.424048
-200,200,190.483115
-200,200,190.706545
-200,200,190.767424
-200,200,190.82915
-200,200,190.890718
-200,200,190.952373
-200,200,191.013902
-200,200,191.075366
-200,200,191.136845
-200,200,191.198297
-200,200,191.2603
-200,200,191.483395
-200,200,191.544187
-200,200,191.603552
-200,200,191.662822
-200,200,191.72199
-200,200,191.783144
-200,200,191.84463
-200,200,191.905445
-200,200,191.966377
-200,200,192.026983
-200,200,192.249188
-200,200,192.309125
-200,200,192.369939
-200,200,192.430667
-200,200,192.491367
-200,200,192.5528
-200,200,192.613943
-200,200,192.67461
-200,200,192.73608
-200,200,192.796982
-200,200,192.857798
-200,200,193.08231
-200,200,193.141624
-200,200,193.202438
-200,200,193.263126
-200,200,193.323667
-200,200,193.384343
-200,200,193.445412
-200,200,193.505863
-200,200,193.566676
-200,200,193.627032
-200,200,193.847936
-200,200,193.907469
-200,200,193.968192
-200,200,194.02868
-200,200,194.089435
-200,200,194.150167
-200,200,194.210752
-200,200,194.271347
-200,200,194.331942
-200,200,194.392596
-200,200,194.613894
-200,200,194.673525
-200,200,194.733957
-200,200,194.794742
-200,200,194.855209
-200,200,194.915831
-200,200,194.975164
-200,200,195.033983
-200,200,195.092728
-200,200,195.151903
-200,200,195.373343
-200,200,195.432996
-200,200,195.491931
-200,200,195.550826
-200,200,195.609694
-200,200,195.670567
-200,200,195.731238
-200,200,195.789777
-200,200,195.848085
-200,200,195.906414
-200,200,195.96705
-200,200,196.187872
-200,200,196.248484
-200,200,196.309095
-200,200,196.369753
-200,200,196.430152
-200,200,196.490806
-200,200,196.550761
-200,200,196.6113
-200,200,196.672135
-200,200,196.732879
-200,200,196.954143
-200,200,197.014256
-200,200,197.075156
-200,200,197.135794
-200,200,197.196389
-200,200,197.257095
-200,200,197.317877
-200,200,197.378428
-200,200,197.439322
-200,200,197.498125
-200,200,197.720891
-200,200,197.781356
-200,200,197.842264
-200,200,197.903422
-200,200,197.964433
-200,200,198.025538
-200,200,198.086575
-200,200,198.147695
-200,200,198.208098
-200,200,198.268884
-200,200,198.491984
-200,200,198.550761
-200,200,198.609631
-200,200,198.668567
-200,200,198.727471
-200,200,198.786731
-200,200,198.847684
-200,200,198.908783
-200,200,198.969889
-200,200,199.031328
-200,200,199.255415
-200,200,199.314391
-200,200,199.3751
-200,200,199.436109
-200,200,199.496883
-200,200,199.558022
-200,200,199.619358
-200,200,199.680625
-200,200,199.741812
-200,200,199.802941
-200,200,199.864075
-200,200,200.087132
-200,200,200.148103
-200,200,200.209294
-200,200,200.270458
-200,200,200.33147
-200,200,200.392507
-200,200,200.453264
-200,200,200.514001
-200,200,200.574527
-200,200,200.633179
-200,200,200.85547
-200,200,200.915948
-200,200,200.976641
-200,200,201.035354
-200,200,201.094575
-200,200,201.155641
-200,200,201.216532
-200,200,201.277535
-200,200,201.338459
-200,200,201.399159
-200,200,201.621651
-200,200,201.681746
-200,200,201.742617
-200,200,201.803053
-200,200,201.864165
-200,200,201.924531
-200,200,201.985134
-200,200,202.045823
-200,200,202.106531
-200,200,202.167269
-200,200,202.390027
-200,200,202.44973
-200,200,202.510178
-200,200,202.570989
-200,200,202.631585
-200,200,202.692348
-200,200,202.75312
-200,200,202.813986
-200,200,202.874606
-200,200,202.935216
-200,200,202.996037
-200,200,203.217703
-200,200,203.278439
-200,200,203.339658
-200,200,203.398236
-200,200,203.456554
-200,200,203.515173
-200,200,203.575092
-200,200,203.635739
-200,200,203.696529
-200,200,203.757352
-200,200,203.980068
-200,200,204.039828
-200,200,204.09911
-200,200,204.161302
-200,200,204.222238
-200,200,204.283605
-200,200,204.34452
-200,200,204.405026
-200,200,204.46635
-200,200,204.527309
-200,200,204.749351
-200,200,204.808251
-200,200,204.86826
-200,200,204.929351
-200,200,204.990093
-200,200,205.050578
-200,200,205.109464
-200,200,205.169716
-200,200,205.228486
-200,200,205.286902
-200,200,205.5089
-200,200,205.568303
-200,200,205.629187
-200,200,205.689762
-200,200,205.750565
-200,200,205.811332
-200,200,205.87203
-200,200,205.93246
-200,200,205.993656
-200,200,206.05394
-200,200,206.114935
-200,200,206.33629
-200,200,206.396786
-200,200,206.457752
-200,200,206.518482
-200,200,206.579199
-200,200,206.639979
-200,200,206.700422
-200,200,206.761926
-200,200,206.822661
-200,200,206.883374
-200,200,207.105399
-200,200,207.165117
-200,200,207.225177
-200,200,207.286129
-200,200,207.346952
-200,200,207.408088
-200,200,207.469015
-200,200,207.52982
-200,200,207.590499
-200,200,207.651167
-200,200,207.87387
-200,200,207.933383
-200,200,207.994398
-200,200,208.055056
-200,200,208.116117
-200,200,208.177391
-200,200,208.238608
-200,200,208.297725
-200,200,208.35679
-200,200,208.416047
-200,200,208.638074
-200,200,208.698919
-200,200,208.760463
-200,200,208.82204
-200,200,208.883527
-200,200,208.945831
-200,200,209.007142
-200,200,209.068356
-200,200,209.129613
-200,200,209.191035
-200,200,209.252463
-200,200,209.474418
-200,200,209.535009
-200,200,209.596336
-200,200,209.658214
-200,200,209.719495
-200,200,209.780941
-200,200,209.842232
-200,200,209.903443
-200,200,209.964626
-200,200,210.025554
-200,200,210.247884
-200,200,210.30816
-200,200,210.3693
-200,200,210.430443
-200,200,210.491947
-200,200,210.55332
-200,200,210.614187
-200,200,210.675004
-200,200,210.735984
-200,200,210.796972
-200,200,211.019177
-200,200,211.07865
-200,200,211.140594
-200,200,211.20183
-200,200,211.263019
-200,200,211.324217
-200,200,211.385258
-200,200,211.446375
-200,200,211.507204
-200,200,211.568281
-200,200,211.791181
-200,200,211.850837
-200,200,211.91199
-200,200,211.973118
-200,200,212.03426
-200,200,212.095431
-200,200,212.156636
-200,200,212.217733
-200,200,212.278764
-200,200,212.339836
-200,200,212.400879
-200,200,212.622365
-200,200,212.683283
-200,200,212.744519
-200,200,212.80559
-200,200,212.866691
-200,200,212.928146
-200,200,212.989024
-200,200,213.050251
-200,200,213.11131
-200,200,213.172187
-200,200,213.394031
-200,200,213.451421
-200,200,213.512553
-200,200,213.573347
-200,200,213.634253
-200,200,213.695272
-200,200,213.756809
-200,200,213.818189
-200,200,213.879042
-200,200,213.939946
-200,200,214.162127
-200,200,214.222013
-200,200,214.282862
-200,200,214.343937
-200,200,214.404838
-200,200,214.466075
-200,200,214.52712
-200,200,214.587904
-200,200,214.649764
-200,200,214.711059
-200,200,214.933603
-200,200,214.993536
-200,200,215.054533
-200,200,215.113096
-200,200,215.173685
-200,200,215.234651
-200,200,215.296159
-200,200,215.355973
-200,200,215.414788
-200,200,215.475365
-200,200,215.5358
-200,200,215.756287
-200,200,215.817116
-200,200,215.877686
-200,200,215.938241
-200,200,215.998917
-200,200,216.05915
-200,200,216.118016
-200,200,216.176715
-200,200,216.235604
-200,200,216.296057
-200,200,216.518299
-200,200,216.578861
-200,200,216.640418
-200,200,216.702097
-200,200,216.763678
-200,200,216.825141
-200,200,216.886697
-200,200,216.948225
-200,200,217.009504
-200,200,217.07059
-200,200,217.293663
-200,200,217.353989
-200,200,217.415071
-200,200,217.476325
-200,200,217.537285
-200,200,217.598568
-200,200,217.660053
-200,200,217.721481
-200,200,217.782942
-200,200,217.844171
-200,200,218.067602
-200,200,218.127507
-200,200,218.187625
-200,200,218.246587
-200,200,218.305309
-200,200,218.364212
-200,200,218.422995
-200,200,218.483416
-200,200,218.543699
-200,200,218.604998
-200,200,218.82785
-200,200,218.887845
-200,200,218.949073
-200,200,219.010318
-200,200,219.071469
-200,200,219.132963
-200,200,219.192606
-200,200,219.252014
-200,200,219.313195
-200,200,219.374179
-200,200,219.435098
-200,200,219.657668
-200,200,219.718098
-200,200,219.778498
-200,200,219.837334
-200,200,219.896001
-200,200,219.954851
-200,200,220.015714
-200,200,220.07662
-200,200,220.137846
-200,200,220.198835
-200,200,220.421259
-200,200,220.480565
-200,200,220.53909
-200,200,220.599452
-200,200,220.660066
-200,200,220.721267
-200,200,220.782368
-200,200,220.84332
-200,200,220.904827
-200,200,220.966903
-200,200,221.190558
-200,200,221.250765
-200,200,221.312191
-200,200,221.373621
-200,200,221.434693
-200,200,221.495944
-200,200,221.556948
-200,200,221.618216
-200,200,221.679083
-200,200,221.74036
-200,200,221.963398
-200,200,222.02354
-200,200,222.084784
-200,200,222.146144
-200,200,222.207639
-200,200,222.26926
-200,200,222.330587
-200,200,222.39213
-200,200,222.453431
-200,200,222.514989
-200,200,222.576557
-200,200,222.799435
-200,200,222.859312
-200,200,222.920176
-200,200,222.981063
-200,200,223.041829
-200,200,223.10191
-200,200,223.16171
-200,200,223.222037
-200,200,223.283825
-200,200,223.345298
-200,200,223.568135
-200,200,223.629047
-200,200,223.69029
-200,200,223.751375
-200,200,223.81245
-200,200,223.87366
-200,200,223.934854
-200,200,223.996049
-200,200,224.057312
-200,200,224.118559
-200,200,224.342381
-200,200,224.402189
-200,200,224.463136
-200,200,224.523999
-200,200,224.584678
-200,200,224.645474
-200,200,224.706944
-200,200,224.767864
-200,200,224.828935
-200,200,224.889864
-200,200,225.11226
-200,200,225.171787
-200,200,225.232848
-200,200,225.293983
-200,200,225.355229
-200,200,225.416017
-200,200,225.477028
-200,200,225.53805
-200,200,225.598946
-200,200,225.660017
-200,200,225.720904
-200,200,225.942776
-200,200,226.003156
-200,200,226.063974
-200,200,226.125116
-200,200,226.186087
-200,200,226.247155
-200,200,226.308271
-200,200,226.369224
-200,200,226.430164
-200,200,226.490978
-200,200,226.71276
-200,200,226.772628
-200,200,226.833448
-200,200,226.894228
-200,200,226.955107
-200,200,227.015826
-200,200,227.076559
-200,200,227.137288
-200,200,227.197904
-200,200,227.258645
-200,200,227.480906
-200,200,227.540489
-200,200,227.601435
-200,200,227.662326
-200,200,227.723217
-200,200,227.784126
-200,200,227.845057
-200,200,227.905959
-200,200,227.966616
-200,200,228.027244
-200,200,228.249559
-200,200,228.309071
-200,200,228.369776
-200,200,228.430468
-200,200,228.491262
-200,200,228.552182
-200,200,228.612875
-200,200,228.673239
-200,200,228.734028
-200,200,228.794817
-200,200,228.855527
-200,200,229.07714
-200,200,229.137616
-200,200,229.197549
-200,200,229.258318
-200,200,229.319155
-200,200,229.380018
-200,200,229.44076
-200,200,229.50155
-200,200,229.562158
-200,200,229.622624
-200,200,229.844215
-200,200,229.904164
-200,200,229.965055
-200,200,230.025532
-200,200,230.086258
-200,200,230.147079
-200,200,230.207782
-200,200,230.268959
-200,200,230.329674
-200,200,230.390582
-200,200,230.612746
-200,200,230.672538
-200,200,230.733389
-200,200,230.794279
-200,200,230.855075
-200,200,230.916082
-200,200,230.977225
-200,200,231.036824
-200,200,231.095917
-200,200,231.155846
-200,200,231.378197
-200,200,231.437913
-200,200,231.499118
-200,200,231.56027
-200,200,231.621507
-200,200,231.682712
-200,200,231.743672
-200,200,231.804708
-200,200,231.866329
-200,200,231.927375
-200,200,231.988596
-200,200,232.210624
-200,200,232.271762
-200,200,232.333062
-200,200,232.394324
-200,200,232.455295
-200,200,232.516575
-200,200,232.577241
-200,200,232.638548
-200,200,232.700115
-200,200,232.759083
-200,200,232.982975
-200,200,233.043281
-200,200,233.104288
-200,200,233.16411
-200,200,233.223611
-200,200,233.283223
-200,200,233.344228
-200,200,233.403971
-200,200,233.463827
-200,200,233.524634
-200,200,233.746908
-200,200,233.803741
-200,200,233.86265
-200,200,233.923348
-200,200,233.984192
-200,200,234.043248
-200,200,234.102193
-200,200,234.161967
-200,200,234.223631
-200,200,234.28494
-200,200,234.507799
-200,200,234.567867
-200,200,234.629184
-200,200,234.690674
-200,200,234.75158
-200,200,234.812687
-200,200,234.873592
-200,200,234.934712
-200,200,234.995712
-200,200,235.056966
-200,200,235.118274
-200,200,235.341161
-200,200,235.402375
-200,200,235.463661
-200,200,235.525463
-200,200,235.586754
-200,200,235.647622
-200,200,235.708538
-200,200,235.769336
-200,200,235.830271
-200,200,235.891361
-200,200,236.11333
-200,200,236.173849
-200,200,236.234618
-200,200,236.295744
-200,200,236.356766
-200,200,236.417926
-200,200,236.479196
-200,200,236.540257
-200,200,236.601247
-200,200,236.661765
-200,200,236.884456
-200,200,236.944521
-200,200,237.005648
-200,200,237.066615
-200,200,237.128047
-200,200,237.188973
-200,200,237.24775
-200,200,237.307934
-200,200,237.368519
-200,200,237.428507
-200,200,237.650519
-200,200,237.709764
-200,200,237.770672
-200,200,237.830937
-200,200,237.891324
-200,200,237.949895
-200,200,238.009001
-200,200,238.067621
-200,200,238.128253
-200,200,238.189741
-200,200,238.41247
-200,200,238.472131
-200,200,238.533501
-200,200,238.594597
-200,200,238.655812
-200,200,238.717464
-200,200,238.778497
-200,200,238.839388
-200,200,238.898375
-200,200,238.959535
-200,200,239.020737
-200,200,239.242573
-200,200,239.303187
-200,200,239.364122
-200,200,239.424858
-200,200,239.485679
-200,200,239.546394
-200,200,239.607319
-200,200,239.668208
-200,200,239.72915
-200,200,239.789837
-200,200,240.012086
-200,200,240.071935
-200,200,240.132832
-200,200,240.1939
-200,200,240.254613
-200,200,240.315534
-200,200,240.376187
-200,200,240.436772
-200,200,240.49821
-200,200,240.558707
-200,200,240.780897
-200,200,240.840325
-200,200,240.900656
-200,200,240.959106
-200,200,241.019199
-200,200,241.080243
-200,200,241.141722
-200,200,241.203243
-200,200,241.264824
-200,200,241.326268
-200,200,241.549788
-200,200,241.609977
-200,200,241.671389
-200,200,241.730991
-200,200,241.789892
-200,200,241.848595
-200,200,241.907641
-200,200,241.96867
-200,200,242.029653
-200,200,242.090646
-200,200,242.151932
-200,200,242.374238
-200,200,242.433559
-200,200,242.492153
-200,200,242.551862
-200,200,242.612964
-200,200,242.673628
-200,200,242.73457
-200,200,242.795452
-200,200,242.856255
-200,200,242.917171
-200,200,243.140821
-200,200,243.200149
-200,200,243.26085
-200,200,243.321459
-200,200,243.38236
-200,200,243.44337
-200,200,243.504371
-200,200,243.564991
-200,200,243.625947
-200,200,243.686936
-200,200,243.909451
-200,200,243.967239
-200,200,244.02855
-200,200,244.089479
-200,200,244.150634
-200,200,244.21208
-200,200,244.272815
-200,200,244.334023
-200,200,244.394979
-200,200,244.455721
-200,200,244.678245
-200,200,244.737896
-200,200,244.796841
-200,200,244.857782
-200,200,244.918928
-200,200,244.979956
-200,200,245.040624
-200,200,245.101629
-200,200,245.162337
-200,200,245.223061
-200,200,245.283937
-200,200,245.505787
-200,200,245.566224
-200,200,245.626971
-200,200,245.688
-200,200,245.748886
-200,200,245.809855
-200,200,245.870664
-200,200,245.931298
-200,200,245.992024
-200,200,246.052623
-200,200,246.274464
-200,200,246.335219
-200,200,246.395858
-200,200,246.456725
-200,200,246.517448
-200,200,246.578222
-200,200,246.637488
-200,200,246.696423
-200,200,246.757602
-200,200,246.818915
-200,200,247.041195
-200,200,247.101005
-200,200,247.162328
-200,200,247.223218
-200,200,247.283907
-200,200,247.345505
-200,200,247.407278
-200,200,247.468507
-200,200,247.52962
-200,200,247.590506
-200,200,247.813632
-200,200,247.87401
-200,200,247.935069
-200,200,247.996279
-200,200,248.05723
-200,200,248.118386
-200,200,248.17952
-200,200,248.240454
-200,200,248.301323
-200,200,248.362449
-200,200,248.423367
-200,200,248.644736
-200,200,248.704967
-200,200,248.765558
-200,200,248.825119
-200,200,248.885648
-200,200,248.946583
-200,200,249.007551
-200,200,249.064716
-200,200,249.125719
-200,200,249.186781
-200,200,249.408823
-200,200,249.469054
-200,200,249.529917
-200,200,249.590767
-200,200,249.65169
-200,200,249.712375
-200,200,249.773285
-200,200,249.83379
-200,200,249.894473
-200,200,249.955056
-200,200,250.177331
-200,200,250.236855
-200,200,250.297766
-200,200,250.358685
-200,200,250.419377
-200,200,250.479047
-200,200,250.539502
-200,200,250.600722
-200,200,250.661862
-200,200,250.723098
-200,200,250.946075
-200,200,251.006622
-200,200,251.067844
-200,200,251.12898
-200,200,251.190593
-200,200,251.252017
-200,200,251.312754
-200,200,251.374272
-200,200,251.435766
-200,200,251.497017
-200,200,251.558211
-200,200,251.779266
-200,200,251.840257
-200,200,251.901462
-200,200,251.962656
-200,200,252.023729
-200,200,252.084864
-200,200,252.145966
-200,200,252.207088
-200,200,252.268346
-200,200,252.329726
-200,200,252.552285
-200,200,252.613215
-200,200,252.674589
-200,200,252.735461
-200,200,252.794618
-200,200,252.855584
-200,200,252.916607
-200,200,252.976558
-200,200,253.037298
-200,200,253.098338
-200,200,253.321228
-200,200,253.380574
-200,200,253.441252
-200,200,253.501937
-200,200,253.560389
-200,200,253.619611
-200,200,253.680368
-200,200,253.741186
-200,200,253.802412
-200,200,253.863403
-200,200,254.085923
-200,200,254.144284
-200,200,254.203423
-200,200,254.262151
-200,200,254.321103
-200,200,254.379598
-200,200,254.438892
-200,200,254.49952
-200,200,254.559932
-200,200,254.620333
-200,200,254.680912
-200,200,254.901318
-200,200,254.96205
-200,200,255.022442
-200,200,255.083357
-200,200,255.143465
-200,200,255.204064
-200,200,255.265237
-200,200,255.326219
-200,200,255.387143
-200,200,255.448188
-200,200,255.670418
-200,200,255.730918
-200,200,255.79209
-200,200,255.853089
-200,200,255.914128
-200,200,255.975176
-200,200,256.035689
-200,200,256.096363
-200,200,256.15725
-200,200,256.217978
-200,200,256.440514
-200,200,256.500478
-200,200,256.561084
-200,200,256.621628
-200,200,256.68221
-200,200,256.742244
-200,200,256.8011
-200,200,256.862
-200,200,256.92292
-200,200,256.983474
-200,200,257.205853
-200,200,257.265714
-200,200,257.327104
-200,200,257.388476
-200,200,257.449557
-200,200,257.51097
-200,200,257.572229
-200,200,257.633412
-200,200,257.694965
-200,200,257.756127
-200,200,257.978544
-200,200,258.038497
-200,200,258.099391
-200,200,258.16049
-200,200,258.221464
-200,200,258.282497
-200,200,258.343419
-200,200,258.404627
-200,200,258.465622
-200,200,258.526406
-200,200,258.587578
-200,200,258.809504
-200,200,258.870062
-200,200,258.931216
-200,200,258.992501
-200,200,259.053573
-200,200,259.115455
-200,200,259.175142
-200,200,259.235476
-200,200,259.296703
-200,200,259.357572
-200,200,259.580723
-200,200,259.640526
-200,200,259.701401
-200,200,259.760597
-200,200,259.81919
-200,200,259.877784
-200,200,259.937101
-200,200,259.996014
-200,200,260.055014
-200,200,260.114029
-200,200,260.336971
-200,200,260.396442
-200,200,260.457685
-200,200,260.518667
-200,200,260.579495
-200,200,260.640353
-200,200,260.701373
-200,200,260.762878
-200,200,260.823946
-200,200,260.884857
-200,200,261.107331
-200,200,261.166425
-200,200,261.22785
-200,200,261.288855
-200,200,261.349798
-200,200,261.410686
-200,200,261.471283
-200,200,261.532583
-200,200,261.593583
-200,200,261.654824
-200,200,261.715543
-200,200,261.937425
-200,200,261.995972
-200,200,262.054213
-200,200,262.113723
-200,200,262.174155
-200,200,262.234742
-200,200,262.29548
-200,200,262.356047
-200,200,262.417001
-200,200,262.475675
-200,200,262.6966
-200,200,262.756709
-200,200,262.817742
-200,200,262.878878
-200,200,262.939623
-200,200,263.000794
-200,200,263.06155
-200,200,263.122433
-200,200,263.182325
-200,200,263.243261
-200,200,263.467536
-200,200,263.527859
-200,200,263.589002
-200,200,263.650266
-200,200,263.710919
-200,200,263.780991
-200,200,263.84286
-200,200,263.904132
-200,200,263.964397
-200,200,264.023405
-200,200,264.246456
-200,200,264.306708
-200,200,264.367975
-200,200,264.428638
-200,200,264.489831
-200,200,264.55066
-200,200,264.611941
-200,200,264.67292
-200,200,264.733441
-200,200,264.7929
-200,200,264.852674
-200,200,265.075563
-200,200,265.136174
-200,200,265.196881
-200,200,265.256396
-200,200,265.315233
-200,200,265.374105
-200,200,265.432951
-200,200,265.493952
-200,200,265.554625
-200,200,265.613919
-200,200,265.836576
-200,200,265.896627
-200,200,265.957667
-200,200,266.018599
-200,200,266.079428
-200,200,266.140518
-200,200,266.201454
-200,200,266.262458
-200,200,266.32391
-200,200,266.385094
-200,200,266.608066
-200,200,266.668235
-200,200,266.729635
-200,200,266.791138
-200,200,266.85238
-200,200,266.913388
-200,200,266.974552
-200,200,267.035466
-200,200,267.096634
-200,200,267.157768
-200,200,267.380055
-200,200,267.439634
-200,200,267.500671
-200,200,267.5606
-200,200,267.619253
-200,200,267.678347
-200,200,267.738297
-200,200,267.797713
-200,200,267.858721
-200,200,267.919656
-200,200,267.980555
-200,200,268.202602
-200,200,268.263384
-200,200,268.324515
-200,200,268.385742
-200,200,268.446992
-200,200,268.507983
-200,200,268.569344
-200,200,268.630493
-200,200,268.691063
-200,200,268.752126
-200,200,268.974401
-200,200,269.034275
-200,200,269.09519
-200,200,269.15619
-200,200,269.216989
-200,200,269.277948
-200,200,269.338806
-200,200,269.399746
-200,200,269.460406
-200,200,269.521365
-200,200,269.743633
-200,200,269.80322
-200,200,269.864099
-200,200,269.925328
-200,200,269.983889
-200,200,270.042598
-200,200,270.101391
-200,200,270.161485
-200,200,270.222797
-200,200,270.283953
-200,200,270.506606
-200,200,270.567573
-200,200,270.628768
-200,200,270.689767
-200,200,270.750638
-200,200,270.811836
-200,200,270.872728
-200,200,270.933747
-200,200,270.995009
-200,200,271.056118
-200,200,271.11709
-200,200,271.340203
-200,200,271.40134
-200,200,271.462374
-200,200,271.523197
-200,200,271.584556
-200,200,271.645383
-200,200,271.706412
-200,200,271.7675
-200,200,271.828214
-200,200,271.889236
-200,200,272.110664
-200,200,272.171761
-200,200,272.232932
-200,200,272.292557
-200,200,272.353626
-200,200,272.414634
-200,200,272.475541
-200,200,272.536108
-200,200,272.596895
-200,200,272.657944
-200,200,272.8801
-200,200,272.940389
-200,200,273.002985
-200,200,273.064743
-200,200,273.126133
-200,200,273.185845
-200,200,273.245472
-200,200,273.306554
-200,200,273.36745
-200,200,273.427986
-200,200,273.649842
-200,200,273.708926
-200,200,273.769699
-200,200,273.830268
-200,200,273.890965
-200,200,273.951599
-200,200,274.012594
-200,200,274.071384
-200,200,274.129843
-200,200,274.190772
-200,200,274.251338
-200,200,274.472682
-200,200,274.533329
-200,200,274.592021
-200,200,274.65322
-200,200,274.713741
-200,200,274.774139
-200,200,274.834663
-200,200,274.895032
-200,200,274.956228
-200,200,275.016851
-200,200,275.239384
-200,200,275.299254
-200,200,275.360729
-200,200,275.421485
-200,200,275.482943
-200,200,275.543343
-200,200,275.603969
-200,200,275.664236
-200,200,275.725545
-200,200,275.787403
-200,200,276.009807
-200,200,276.070243
-200,200,276.131616
-200,200,276.193154
-200,200,276.254872
-200,200,276.316463
-200,200,276.376048
-200,200,276.435297
-200,200,276.496801
-200,200,276.558127
-200,200,276.781178
-200,200,276.841494
-200,200,276.903017
-200,200,276.963986
-200,200,277.023546
-200,200,277.082895
-200,200,277.142883
-200,200,277.202148
-200,200,277.261451
-200,200,277.322592
-200,200,277.545422
-200,200,277.605042
-200,200,277.664315
-200,200,277.72454
-200,200,277.785283
-200,200,277.846074
-200,200,277.904995
-200,200,277.963834
-200,200,278.022686
-200,200,278.083062
-200,200,278.14398
-200,200,278.366087
-200,200,278.425683
-200,200,278.486591
-200,200,278.546965
-200,200,278.607662
-200,200,278.667908
-200,200,278.72832
-200,200,278.788839
-200,200,278.849501
-200,200,278.910143
-200,200,279.132286
-200,200,279.191667
-200,200,279.252322
-200,200,279.312798
-200,200,279.373316
-200,200,279.433611
-200,200,279.494166
-200,200,279.554857
-200,200,279.614579
-200,200,279.675683
-200,200,279.898688
-200,200,279.958298
-200,200,280.016969
-200,200,280.075581
-200,200,280.134169
-200,200,280.194849
-200,200,280.256063
-200,200,280.317272
-200,200,280.377928
-200,200,280.438737
-200,200,280.661415
-200,200,280.72185
-200,200,280.780532
-200,200,280.84064
-200,200,280.900964
-200,200,280.961624
-200,200,281.022567
-200,200,281.083244
-200,200,281.144125
-200,200,281.203371
-200,200,281.264077
-200,200,281.486318
-200,200,281.546764
-200,200,281.60757
-200,200,281.668269
-200,200,281.729256
-200,200,281.790167
-200,200,281.85047
-200,200,281.911139
-200,200,281.971503
-200,200,282.032068
-200,200,282.254078
-200,200,282.313678
-200,200,282.37376
-200,200,282.434269
-200,200,282.4946
-200,200,282.554751
-200,200,282.614911
-200,200,282.675502
-200,200,282.735826
-200,200,282.796387
-200,200,283.018368
-200,200,283.077459
-200,200,283.137849
-200,200,283.198798
-200,200,283.259297
-200,200,283.320481
-200,200,283.381599
-200,200,283.44186
-200,200,283.502876
-200,200,283.563161
-200,200,283.785894
-200,200,283.845387
-200,200,283.905754
-200,200,283.966853
-200,200,284.027571
-200,200,284.088598
-200,200,284.149339
-200,200,284.208658
-200,200,284.269785
-200,200,284.33094
-200,200,284.392514
-200,200,284.614475
-200,200,284.673144
-200,200,284.733891
-200,200,284.794909
-200,200,284.855707
-200,200,284.916713
-200,200,284.977715
-200,200,285.038857
-200,200,285.099872
-200,200,285.161397
-200,200,285.383945
-200,200,285.444534
-200,200,285.50594
-200,200,285.566862
-200,200,285.6273
-200,200,285.688752
-200,200,285.75014
-200,200,285.811545
-200,200,285.872682
-200,200,285.934091
-200,200,286.157195
-200,200,286.217431
-200,200,286.278664
-200,200,286.339936
-200,200,286.401051
-200,200,286.461961
-200,200,286.523142
-200,200,286.582827
-200,200,286.641551
-200,200,286.702292
-200,200,286.924746
-200,200,286.984659
-200,200,287.045233
-200,200,287.105059
-200,200,287.164052
-200,200,287.225549
-200,200,287.286819
-200,200,287.347906
-200,200,287.40911
-200,200,287.470406
-200,200,287.531841
-200,200,287.753732
-200,200,287.81455
-200,200,287.874543
-200,200,287.93275
-200,200,287.991209
-200,200,288.049586
-200,200,288.108093
-200,200,288.166785
-200,200,288.227459
-200,200,288.288125
-200,200,288.509807
-200,200,288.569537
-200,200,288.629058
-200,200,288.689011
-200,200,288.74943
-200,200,288.809526
-200,200,288.868752
-200,200,288.927605
-200,200,288.986749
-200,200,289.046168
-200,200,289.268375
-200,200,289.327935
-200,200,289.388621
-200,200,289.449341
-200,200,289.509715
-200,200,289.570471
-200,200,289.631247
-200,200,289.690921
-200,200,289.750736
-200,200,289.811506
-200,200,290.033631
-200,200,290.093064
-200,200,290.153738
-200,200,290.21492
-200,200,290.275866
-200,200,290.337287
-200,200,290.396238
-200,200,290.455781
-200,200,290.51651
-200,200,290.575819
-200,200,290.634609
-200,200,290.857169
-200,200,290.916073
-200,200,290.976419
-200,200,291.035941
-200,200,291.094244
-200,200,291.153334
-200,200,291.211633
-200,200,291.270623
-200,200,291.331117
-200,200,291.391612
-200,200,291.612347
-200,200,291.671151
-200,200,291.731799
-200,200,291.792324
-200,200,291.852612
-200,200,291.913141
-200,200,291.973733
-200,200,292.034523
-200,200,292.095562
-200,200,292.158032
-200,200,292.379699
-200,200,292.439085
-200,200,292.500069
-200,200,292.560532
-200,200,292.61923
-200,200,292.678668
-200,200,292.73955
-200,200,292.800647
-200,200,292.861523
-200,200,292.920374
-200,200,293.142757
-200,200,293.20297
-200,200,293.264264
-200,200,293.325649
-200,200,293.387052
-200,200,293.448432
-200,200,293.50997
-200,200,293.571384
-200,200,293.632357
-200,200,293.693954
-200,200,293.755206
-200,200,293.977256
-200,200,294.038182
-200,200,294.097716
-200,200,294.157939
-200,200,294.222291
-200,200,294.285865
-200,200,294.345321
-200,200,294.404339
-200,200,294.463828
-200,200,294.522935
-200,200,294.749024
-200,200,294.809972
-200,200,294.869317
-200,200,294.928621
-200,200,294.987791
-200,200,295.047194
-200,200,295.106448
-200,200,295.166584
-200,200,295.226936
-200,200,295.286426
-200,200,295.510933
-200,200,295.57062
-200,200,295.63013
-200,200,295.690809
-200,200,295.751779
-200,200,295.812882
-200,200,295.873727
-200,200,295.932492
-200,200,295.991784
-200,200,296.052317
-200,200,296.276071
-200,200,296.335907
-200,200,296.395844
-200,200,296.455634
-200,200,296.516453
-200,200,296.576777
-200,200,296.637519
-200,200,296.698125
-200,200,296.758796
-200,200,296.819501
-200,200,297.042268
-200,200,297.101608
-200,200,297.162129
-200,200,297.222666
-200,200,297.283498
-200,200,297.344057
-200,200,297.40447
-200,200,297.4652
-200,200,297.525598
-200,200,297.585653
-200,200,297.646485
-200,200,297.868893
-200,200,297.928869
-200,200,297.989675
-200,200,298.050537
-200,200,298.111017
-200,200,298.171811
-200,200,298.232617
-200,200,298.293097
-200,200,298.353578
-200,200,298.414063
-200,200,298.63566
-200,200,298.695471
-200,200,298.756418
-200,200,298.817311
-200,200,298.878157
-200,200,298.93914
-200,200,299.000072
-200,200,299.060939
-200,200,299.121765
-200,200,299.182826
-200,200,299.405462
-200,200,299.466117
-200,200,299.527107
-200,200,299.587883
-200,200,299.648795
-200,200,299.709695
-200,200,299.770629
-200,200,299.831337
-200,200,299.892041
-200,200,299.952731
-200,200,300.174312
-200,200,300.23409
-200,200,300.294805
-200,200,300.355442
-200,200,300.416101
-200,200,300.476583
-200,200,300.537031
-200,200,300.597731
-200,200,300.658609
-200,200,300.71933
-200,200,300.780251
-200,200,301.002149
-200,200,301.062915
-200,200,301.123739
-200,200,301.184097
-200,200,301.244245
-200,200,301.305574
-200,200,301.366881
-200,200,301.427854
-200,200,301.489208
-200,200,301.550232
-200,200,301.77242
-200,200,301.832713
-200,200,301.894179
-200,200,301.955593
-200,200,302.016973
-200,200,302.078341
-200,200,302.139626
-200,200,302.201284
-200,200,302.262121
-200,200,302.323274
-200,200,302.545998
-200,200,302.606325
-200,200,302.667625
-200,200,302.729113
-200,200,302.790091
-200,200,302.851578
-200,200,302.912698
-200,200,302.974002
-200,200,303.034996
-200,200,303.095938
-200,200,303.318779
-200,200,303.378442
-200,200,303.439593
-200,200,303.500833
-200,200,303.56183
-200,200,303.622665
-200,200,303.683878
-200,200,303.744943
-200,200,303.806265
-200,200,303.867646
-200,200,303.929014
-200,200,304.151177
-200,200,304.212126
-200,200,304.273465
-200,200,304.334531
-200,200,304.395885
-200,200,304.456875
-200,200,304.518103
-200,200,304.57983
-200,200,304.64095
-200,200,304.701828
-200,200,304.9243
-200,200,304.98441
-200,200,305.045926
-200,200,305.107262
-200,200,305.168281
-200,200,305.229507
-200,200,305.291085
-200,200,305.350175
-200,200,305.408436
-200,200,305.467453
-200,200,305.69116
-200,200,305.750968
-200,200,305.812901
-200,200,305.873584
-200,200,305.934297
-200,200,305.994761
-200,200,306.055316
-200,200,306.116295
-200,200,306.17721
-200,200,306.237912
-200,200,306.459943
-200,200,306.518957
-200,200,306.579707
-200,200,306.640439
-200,200,306.701238
-200,200,306.761994
-200,200,306.821967
-200,200,306.882669
-200,200,306.943821
-200,200,307.005136
-200,200,307.066235
-200,200,307.28874
-200,200,307.349391
-200,200,307.410839
-200,200,307.472252
-200,200,307.533543
-200,200,307.594821
-200,200,307.656334
-200,200,307.717659
-200,200,307.779237
-200,200,307.840304
-200,200,308.062233
-200,200,308.12242
-200,200,308.183631
-200,200,308.244828
-200,200,308.305677
-200,200,308.366857
-200,200,308.427809
-200,200,308.488802
-200,200,308.549614
-200,200,308.610967
-200,200,308.832963
-200,200,308.892756
-200,200,308.954039
-200,200,309.014582
-200,200,309.075431
-200,200,309.134172
-200,200,309.19376
-200,200,309.254711
-200,200,309.315929
-200,200,309.376796
-200,200,309.598588
-200,200,309.658472
-200,200,309.719449
-200,200,309.780985
-200,200,309.842144
-200,200,309.902441
-200,200,309.960906
-200,200,310.022044
-200,200,310.081124
-200,200,310.141946
-200,200,310.201132
-200,200,310.4251
-200,200,310.48368
-200,200,310.544368
-200,200,310.605409
-200,200,310.666496
-200,200,310.727289
-200,200,310.788252
-200,200,310.849205
-200,200,310.910316
-200,200,310.971199
-200,200,311.192969
-200,200,311.253349
-200,200,311.314462
-200,200,311.375525
-200,200,311.436226
-200,200,311.497333
-200,200,311.558234
-200,200,311.619242
-200,200,311.679885
-200,200,311.740811
-200,200,311.963019
-200,200,312.023006
-200,200,312.084065
-200,200,312.145286
-200,200,312.20612
-200,200,312.267167
-200,200,312.328461
-200,200,312.389493
-200,200,312.450252
-200,200,312.511227
-200,200,312.733327
-200,200,312.792924
-200,200,312.85361
-200,200,312.914629
-200,200,312.976471
-200,200,313.035228
-200,200,313.096539
-200,200,313.157491
-200,200,313.218827
-200,200,313.279713
-200,200,313.340601
-200,200,313.562154
-200,200,313.623034
-200,200,313.683759
-200,200,313.744564
-200,200,313.805407
-200,200,313.866278
-200,200,313.927232
-200,200,313.988108
-200,200,314.048877
-200,200,314.109641
-200,200,314.331748
-200,200,314.392062
-200,200,314.452721
-200,200,314.513045
-200,200,314.573812
-200,200,314.634893
-200,200,314.695446
-200,200,314.756202
-200,200,314.815432
-200,200,314.874288
-200,200,315.095324
-200,200,315.15481
-200,200,315.215614
-200,200,315.276685
-200,200,315.337675
-200,200,315.398804
-200,200,315.459715
-200,200,315.520345
-200,200,315.581238
-200,200,315.641825
-200,200,315.863525
-200,200,315.923697
-200,200,315.984312
-200,200,316.044879
-200,200,316.105797
-200,200,316.166744
-200,200,316.227568
-200,200,316.288472
-200,200,316.349505
-200,200,316.410359
-200,200,316.632386
-200,200,316.69216
-200,200,316.752801
-200,200,316.813791
-200,200,316.874525
-200,200,316.935425
-200,200,316.996372
-200,200,317.056813
-200,200,317.117195
-200,200,317.178185
-200,200,317.237762
-200,200,317.459165
-200,200,317.519343
-200,200,317.579907
-200,200,317.640631
-200,200,317.701951
-200,200,317.762832
-200,200,317.822526
-200,200,317.881199
-200,200,317.940508
-200,200,318.001154
-200,200,318.223235
-200,200,318.283336
-200,200,318.344564
-200,200,318.405795
-200,200,318.466554
-200,200,318.527557
-200,200,318.588558
-200,200,318.64941
-200,200,318.710469
-200,200,318.771486
-200,200,318.994374
-200,200,319.054153
-200,200,319.115199
-200,200,319.176656
-200,200,319.237798
-200,200,319.298864
-200,200,319.359845
-200,200,319.421007
-200,200,319.482173
-200,200,319.543806
-200,200,319.766891
-200,200,319.827377
-200,200,319.88884
-200,200,319.950308
-200,200,320.011914
-200,200,320.073236
-200,200,320.134671
-200,200,320.196203
-200,200,320.257444
-200,200,320.318548
-200,200,320.379621
-200,200,320.602152
-200,200,320.663088
-200,200,320.72218
-200,200,320.780817
-200,200,320.839745
-200,200,320.898583
-200,200,320.959528
-200,200,321.020572
-200,200,321.081915
-200,200,321.143074
-200,200,321.365723
-200,200,321.426082
-200,200,321.487233
-200,200,321.54841
-200,200,321.609364
-200,200,321.670346
-200,200,321.73164
-200,200,321.793048
-200,200,321.854295
-200,200,321.915252
-200,200,322.138303
-200,200,322.198292
-200,200,322.259434
-200,200,322.319613
-200,200,322.378003
-200,200,322.436544
-200,200,322.494669
-200,200,322.554448
-200,200,322.614709
-200,200,322.675422
-200,200,322.89776
-200,200,322.957227
-200,200,323.01631
-200,200,323.077422
-200,200,323.136773
-200,200,323.197719
-200,200,323.25661
-200,200,323.317985
-200,200,323.378023
-200,200,323.437058
-200,200,323.49561
-200,200,323.715906
-200,200,323.77733
-200,200,323.836924
-200,200,323.897699
-200,200,323.958548
-200,200,324.019481
-200,200,324.080393
-200,200,324.14121
-200,200,324.202203
-200,200,324.261289
-200,200,324.483117
-200,200,324.543342
-200,200,324.604264
-200,200,324.665067
-200,200,324.726305
-200,200,324.788186
-200,200,324.849362
-200,200,324.910213
-200,200,324.97033
-200,200,325.031252
-200,200,325.254144
-200,200,325.313749
-200,200,325.374805
-200,200,325.43592
-200,200,325.497134
-200,200,325.55822
-200,200,325.618852
-200,200,325.680093
-200,200,325.741226
-200,200,325.802029
-200,200,326.025001
-200,200,326.084774
-200,200,326.146029
-200,200,326.207343
-200,200,326.268615
-200,200,326.329614
-200,200,326.390536
-200,200,326.451233
-200,200,326.510345
-200,200,326.571377
-200,200,326.632645
-200,200,326.855045
-200,200,326.915635
-200,200,326.976794
-200,200,327.037637
-200,200,327.098722
-200,200,327.159783
-200,200,327.221041
-200,200,327.28201
-200,200,327.343102
-200,200,327.404351
-200,200,327.627148
-200,200,327.687832
-200,200,327.749221
-200,200,327.810727
-200,200,327.872205
-200,200,327.933457
-200,200,327.994974
-200,200,328.054329
-200,200,328.113117
-200,200,328.172096
-200,200,328.394057
-200,200,328.453885
-200,200,328.514972
-200,200,328.573916
-200,200,328.633925
-200,200,328.695575
-200,200,328.756889
-200,200,328.818391
-200,200,328.879764
-200,200,328.940594
-200,200,329.163608
-200,200,329.223505
-200,200,329.284004
-200,200,329.345505
-200,200,329.405048
-200,200,329.466632
-200,200,329.527987
-200,200,329.589415
-200,200,329.650583
-200,200,329.711702
-200,200,329.770246
-200,200,329.993904
-200,200,330.054644
-200,200,330.115687
-200,200,330.176805
-200,200,330.237691
-200,200,330.298519
-200,200,330.359412
-200,200,330.42037
-200,200,330.481238
-200,200,330.542033
-200,200,330.763484
-200,200,330.823407
-200,200,330.884209
-200,200,330.94495
-200,200,331.006044
-200,200,331.067044
-200,200,331.127869
-200,200,331.188541
-200,200,331.249965
-200,200,331.310877
-200,200,331.532576
-200,200,331.589503
-200,200,331.650203
-200,200,331.710926
-200,200,331.771532
-200,200,331.832361
-200,200,331.892948
-200,200,331.953171
-200,200,332.01402
-200,200,332.072535
-200,200,332.294245
-200,200,332.353907
-200,200,332.414733
-200,200,332.474899
-200,200,332.53585
-200,200,332.597137
-200,200,332.65796
-200,200,332.719001
-200,200,332.777615
-200,200,332.837654
-200,200,332.898511
-200,200,333.119693
-200,200,333.18032
-200,200,333.239516
-200,200,333.300213
-200,200,333.360969
-200,200,333.421668
-200,200,333.480436
-200,200,333.539889
-200,200,333.600939
-200,200,333.662349
-200,200,333.884396
-200,200,333.944934
-200,200,334.00528
-200,200,334.064072
-200,200,334.12219
-200,200,334.181324
-200,200,334.239996
-200,200,334.29884
-200,200,334.358954
-200,200,334.419816
-200,200,334.64166
-200,200,334.701767
-200,200,334.763009
-200,200,334.824436
-200,200,334.885729
-200,200,334.947609
-200,200,335.009013
-200,200,335.070322
-200,200,335.131448
-200,200,335.192909
-200,200,335.416003
-200,200,335.474595
-200,200,335.533617
-200,200,335.594876
-200,200,335.655762
-200,200,335.716463
-200,200,335.775415
-200,200,335.835351
-200,200,335.894432
-200,200,335.954563
-200,200,336.179008
-200,200,336.238164
-200,200,336.299245
-200,200,336.3603
-200,200,336.420999
-200,200,336.482292
-200,200,336.543244
-200,200,336.604167
-200,200,336.663983
-200,200,336.725083
-200,200,336.786425
-200,200,337.008396
-200,200,337.069396
-200,200,337.130544
-200,200,337.191545
-200,200,337.252841
-200,200,337.314029
-200,200,337.375207
-200,200,337.436107
-200,200,337.497047
-200,200,337.558087
-200,200,337.780332
-200,200,337.840125
-200,200,337.901114
-200,200,337.962157
-200,200,338.023124
-200,200,338.08379
-200,200,338.144656
-200,200,338.205313
-200,200,338.266164
-200,200,338.327211
-200,200,338.5502
-200,200,338.610052
-200,200,338.671007
-200,200,338.731809
-200,200,338.793009
-200,200,338.854242
-200,200,338.915054
-200,200,338.975926
-200,200,339.037126
-200,200,339.09811
-200,200,339.320062
-200,200,339.379844
-200,200,339.441105
-200,200,339.502142
-200,200,339.562924
-200,200,339.62401
-200,200,339.685055
-200,200,339.746052
-200,200,339.807007
-200,200,339.867985
-200,200,339.9292
-200,200,340.150807
-200,200,340.21157
-200,200,340.27106
-200,200,340.329679
-200,200,340.388288
-200,200,340.447723
-200,200,340.508493
-200,200,340.569254
-200,200,340.62977
-200,200,340.690911
-200,200,340.914451
-200,200,340.973722
-200,200,341.033968
-200,200,341.094633
-200,200,341.155375
-200,200,341.215894
-200,200,341.276623
-200,200,341.337157
-200,200,341.397755
-200,200,341.458191
-200,200,341.679973
-200,200,341.739622
-200,200,341.80041
-200,200,341.861136
-200,200,341.921642
-200,200,341.982586
-200,200,342.043305
-200,200,342.10392
-200,200,342.164245
-200,200,342.223576
-200,200,342.446072
-200,200,342.505908
-200,200,342.566555
-200,200,342.627262
-200,200,342.687648
-200,200,342.748448
-200,200,342.808983
-200,200,342.86951
-200,200,342.930245
-200,200,342.990748
-200,200,343.051416
-200,200,343.272635
-200,200,343.333024
-200,200,343.393725
-200,200,343.454505
-200,200,343.514908
-200,200,343.576408
-200,200,343.636911
-200,200,343.697066
-200,200,343.757697
-200,200,343.816819
-200,200,344.040006
-200,200,344.100178
-200,200,344.162128
-200,200,344.223225
-200,200,344.284355
-200,200,344.345476
-200,200,344.406556
-200,200,344.467261
-200,200,344.528605
-200,200,344.58725
-200,200,344.808284
-200,200,344.86843
-200,200,344.929666
-200,200,344.990987
-200,200,345.052577
-200,200,345.11391
-200,200,345.175508
-200,200,345.236918
-200,200,345.298634
-200,200,345.360497
-200,200,345.582903
-200,200,345.643333
-200,200,345.703837
-200,200,345.763277
-200,200,345.82439
-200,200,345.885465
-200,200,345.946592
-200,200,346.007632
-200,200,346.068577
-200,200,346.129422
-200,200,346.190701
-200,200,346.411491
-200,200,346.472171
-200,200,346.533332
-200,200,346.594047
-200,200,346.654999
-200,200,346.715879
-200,200,346.776783
-200,200,346.838575
-200,200,346.899441
-200,200,346.960345
-200,200,347.182236
-200,200,347.242861
-200,200,347.30367
-200,200,347.364488
-200,200,347.425435
-200,200,347.486282
-200,200,347.546838
-200,200,347.607782
-200,200,347.668681
-200,200,347.729546
-200,200,347.952276
-200,200,348.011552
-200,200,348.072131
-200,200,348.132812
-200,200,348.193591
-200,200,348.254286
-200,200,348.314992
-200,200,348.376018
-200,200,348.436812
-200,200,348.497806
-200,200,348.719802
-200,200,348.780477
-200,200,348.841182
-200,200,348.901914
-200,200,348.962638
-200,200,349.023607
-200,200,349.085325
-200,200,349.145914
-200,200,349.206759
-200,200,349.267219
-200,200,349.327863
-200,200,349.549994
-200,200,349.60899
-200,200,349.668595
-200,200,349.72922
-200,200,349.790289
-200,200,349.851492
-200,200,349.912487
-200,200,349.973442
-200,200,350.034337
-200,200,350.095343
-200,200,350.317593
-200,200,350.378064
-200,200,350.439293
-200,200,350.500059
-200,200,350.560896
-200,200,350.622025
-200,200,350.683026
-200,200,350.743877
-200,200,350.803608
-200,200,350.865041
-200,200,351.0874
-200,200,351.147823
-200,200,351.209102
-200,200,351.270252
-200,200,351.331438
-200,200,351.392655
-200,200,351.453755
-200,200,351.514542
-200,200,351.575842
-200,200,351.636849
-200,200,351.859149
-200,200,351.91879
-200,200,351.979935
-200,200,352.040963
-200,200,352.101998
-200,200,352.163783
-200,200,352.225155
-200,200,352.286011
-200,200,352.347266
-200,200,352.408289
-200,200,352.469243
-200,200,352.690893
-200,200,352.751503
-200,200,352.810081
-200,200,352.868253
-200,200,352.926611
-200,200,352.986738
-200,200,353.047864
-200,200,353.108878
-200,200,353.170061
-200,200,353.230529
-200,200,353.455939
-200,200,353.516014
-200,200,353.576786
-200,200,353.6378
-200,200,353.696437
-200,200,353.756813
-200,200,353.818213
-200,200,353.879719
-200,200,353.941241
-200,200,354.002506
-200,200,354.226438
-200,200,354.286343
-200,200,354.347711
-200,200,354.409443
-200,200,354.471098
-200,200,354.53236
-200,200,354.594076
-200,200,354.655415
-200,200,354.716724
-200,200,354.778334
-200,200,355.000898
-200,200,355.060558
-200,200,355.121423
-200,200,355.1826
-200,200,355.243605
-200,200,355.304498
-200,200,355.365683
-200,200,355.426714
-200,200,355.487679
-200,200,355.54844
-200,200,355.771236
-200,200,355.831629
-200,200,355.892818
-200,200,355.953997
-200,200,356.015159
-200,200,356.076405
-200,200,356.13762
-200,200,356.198056
-200,200,356.25855
-200,200,356.319863
-200,200,356.380817
-200,200,356.602775
-200,200,356.663187
-200,200,356.72422
-200,200,356.784114
-200,200,356.842919
-200,200,356.901755
-200,200,356.960328
-200,200,357.021156
-200,200,357.082107
-200,200,357.143127
-200,200,357.365369
-200,200,357.425579
-200,200,357.486779
-200,200,357.548077
-200,200,357.609164
-200,200,357.670415
-200,200,357.732153
-200,200,357.793367
-200,200,357.854532
-200,200,357.915584
-200,200,358.137997
-200,200,358.197537
-200,200,358.258732
-200,200,358.319728
-200,200,358.380786
-200,200,358.44317
-200,200,358.504449
-200,200,358.565806
-200,200,358.626983
-200,200,358.68858
-200,200,358.91492
-200,200,358.974305
-200,200,359.035801
-200,200,359.097105
-200,200,359.158711
-200,200,359.220155
-200,200,359.281666
-200,200,359.34317
-200,200,359.404668
-200,200,359.466113
-200,200,359.527523
-200,200,359.749497
-200,200,359.81006
-200,200,359.870867
-200,200,359.931937
-200,200,359.992929
-200,200,360.054125
-200,200,360.115032
-200,200,360.176243
-200,200,360.237215
-200,200,360.298124
-200,200,360.519985
-200,200,360.580008
-200,200,360.641222
-200,200,360.702722
-200,200,360.763876
-200,200,360.824891
-200,200,360.88623
-200,200,360.947359
-200,200,361.008416
-200,200,361.067373
-200,200,361.289742
-200,200,361.349596
-200,200,361.410217
-200,200,361.471033
-200,200,361.531537
-200,200,361.592478
-200,200,361.653594
-200,200,361.714373
-200,200,361.775333
-200,200,361.836167
-200,200,362.058576
-200,200,362.117927
-200,200,362.179192
-200,200,362.240129
-200,200,362.30104
-200,200,362.362418
-200,200,362.423347
-200,200,362.484994
-200,200,362.545974
-200,200,362.607245
-200,200,362.667984
-200,200,362.889404
-200,200,362.949775
-200,200,363.010647
-200,200,363.071446
-200,200,363.132922
-200,200,363.193789
-200,200,363.254728
-200,200,363.315489
-200,200,363.376803
-200,200,363.437674
-200,200,363.661804
-200,200,363.721816
-200,200,363.782554
-200,200,363.843366
-200,200,363.904091
-200,200,363.965112
-200,200,364.025942
-200,200,364.086827
-200,200,364.14768
-200,200,364.208517
-200,200,364.431186
-200,200,364.490545
-200,200,364.551174
-200,200,364.61189
-200,200,364.672228
-200,200,364.730975
-200,200,364.78956
-200,200,364.850053
-200,200,364.910769
-200,200,364.971612
-200,200,365.194313
-200,200,365.253624
-200,200,365.315009
-200,200,365.375935
-200,200,365.436797
-200,200,365.497658
-200,200,365.558999
-200,200,365.619882
-200,200,365.680016
-200,200,365.740416
-200,200,365.800817
-200,200,366.02198
-200,200,366.08269
-200,200,366.143432
-200,200,366.204309
-200,200,366.264874
-200,200,366.325539
-200,200,366.38611
-200,200,366.446346
-200,200,366.506874
-200,200,366.567349
-200,200,366.788472
-200,200,366.848097
-200,200,366.908758
-200,200,366.969567
-200,200,367.02842
-200,200,367.088471
-200,200,367.147929
-200,200,367.208129
-200,200,367.269216
-200,200,367.330377
-200,200,367.553097
-200,200,367.613565
-200,200,367.674838
-200,200,367.736051
-200,200,367.795815
-200,200,367.854809
-200,200,367.913328
-200,200,367.972625
-200,200,368.031793
-200,200,368.092593
-200,200,368.314861
-200,200,368.375213
-200,200,368.436208
-200,200,368.496999
-200,200,368.557851
-200,200,368.618566
-200,200,368.679496
-200,200,368.741116
-200,200,368.802242
-200,200,368.862584
-200,200,368.921837
-200,200,369.142641
-200,200,369.203118
-200,200,369.263865
-200,200,369.324533
-200,200,369.384914
-200,200,369.443558
-200,200,369.503558
-200,200,369.564512
-200,200,369.626066
-200,200,369.686315
-200,200,369.908309
-200,200,369.968844
-200,200,370.027455
-200,200,370.086972
-200,200,370.147907
-200,200,370.209019
-200,200,370.269934
-200,200,370.330759
-200,200,370.391672
-200,200,370.452224
-200,200,370.674724
-200,200,370.734369
-200,200,370.795502
-200,200,370.856387
-200,200,370.915466
-200,200,370.974584
-200,200,371.035331
-200,200,371.095772
-200,200,371.156462
-200,200,371.217115
-200,200,371.439846
-200,200,371.498935
-200,200,371.559351
-200,200,371.620132
-200,200,371.680577
-200,200,371.740857
-200,200,371.802685
-200,200,371.864082
-200,200,371.925477
-200,200,371.986325
-200,200,372.045148
-200,200,372.269367
-200,200,372.326419
-200,200,372.385658
-200,200,372.446534
-200,200,372.50714
-200,200,372.568489
-200,200,372.627707
-200,200,372.688141
-200,200,372.747124
-200,200,372.806022
-200,200,373.03168
-200,200,373.091924
-200,200,373.152001
-200,200,373.212366
-200,200,373.27195
-200,200,373.330784
-200,200,373.390176
-200,200,373.450874
-200,200,373.511711
-200,200,373.572648
-200,200,373.794399
-200,200,373.854584
-200,200,373.915869
-200,200,373.976849
-200,200,374.037968
-200,200,374.099245
-200,200,374.160367
-200,200,374.221683
-200,200,374.28256
-200,200,374.34358
-200,200,374.566378
-200,200,374.626048
-200,200,374.68759
-200,200,374.748726
-200,200,374.810228
-200,200,374.871274
-200,200,374.932757
-200,200,374.991197
-200,200,375.049827
-200,200,375.109691
-200,200,375.332057
-200,200,375.39301
-200,200,375.452038
-200,200,375.512643
-200,200,375.573144
-200,200,375.633791
-200,200,375.693769
-200,200,375.754325
-200,200,375.814838
-200,200,375.873858
-200,200,375.932629
-200,200,376.155252
-200,200,376.216084
-200,200,376.277908
-200,200,376.339299
-200,200,376.400663
-200,200,376.461779
-200,200,376.523019
-200,200,376.58467
-200,200,376.645537
-200,200,376.706896
-200,200,376.9292
-200,200,376.989213
-200,200,377.050275
-200,200,377.11105
-200,200,377.172251
-200,200,377.233249
-200,200,377.294096
-200,200,377.354985
-200,200,377.413728
-200,200,377.474467
-200,200,377.69762
-200,200,377.757342
-200,200,377.818328
-200,200,377.879259
-200,200,377.940167
-200,200,378.001505
-200,200,378.06271
-200,200,378.123929
-200,200,378.185756
-200,200,378.247077
-200,200,378.469521
-200,200,378.529676
-200,200,378.59058
-200,200,378.651906
-200,200,378.713142
-200,200,378.774412
-200,200,378.83551
-200,200,378.896489
-200,200,378.957439
-200,200,379.018456
-200,200,379.079494
-200,200,379.301949
-200,200,379.362784
-200,200,379.422416
-200,200,379.48132
-200,200,379.541782
-200,200,379.60335
-200,200,379.664538
-200,200,379.72575
-200,200,379.787019
-200,200,379.845856
-200,200,380.067072
-200,200,380.127184
-200,200,380.188149
-200,200,380.249238
-200,200,380.310271
-200,200,380.371152
-200,200,380.43212
-200,200,380.493145
-200,200,380.553672
-200,200,380.614753
-200,200,380.837058
-200,200,380.896899
-200,200,380.957911
-200,200,381.018917
-200,200,381.079791
-200,200,381.140933
-200,200,381.201888
-200,200,381.262683
-200,200,381.323807
-200,200,381.38493
-200,200,381.606414
-200,200,381.665835
-200,200,381.726641
-200,200,381.788099
-200,200,381.848875
-200,200,381.910119
-200,200,381.970596
-200,200,382.031213
-200,200,382.091927
-200,200,382.152553
-200,200,382.213237
